ISO-10303-21;
HEADER;
/* Generated by software containing ST-Developer
 * from STEP Tools, Inc. (www.steptools.com) 
 */

FILE_DESCRIPTION(
/* description */ (''),
/* implementation_level */ '2;1');

FILE_NAME(
/* name */ 'AIO-AIR-v2_release.step',
/* time_stamp */ '2026-09-26T23:04:26+10:00',
/* author */ (''),
/* organization */ (''),
/* preprocessor_version */ 'ST-DEVELOPER v20.1',
/* originating_system */ 'Autodesk Translation Framework v15.8.0.0',
/* authorisation */ '');

FILE_SCHEMA (('AUTOMOTIVE_DESIGN { 1 0 10303 214 3 1 1 }'));
ENDSEC;

DATA;
#10=MECHANICAL_DESIGN_GEOMETRIC_PRESENTATION_REPRESENTATION('',(#21,#22,
#23,#24,#25,#26,#27,#28),#5415);
#11=SHAPE_REPRESENTATION_RELATIONSHIP('SRR','None',#5421,#12);
#12=ADVANCED_BREP_SHAPE_REPRESENTATION('',(#29,#30,#31,#32,#33,#34,#35,
#36),#5414);
#13=ELLIPSE('',#3531,0.507713305942872,0.5);
#14=ELLIPSE('',#3535,0.507713305942872,0.5);
#15=ELLIPSE('',#3543,0.507713305942872,0.5);
#16=ELLIPSE('',#3547,0.507713305942872,0.5);
#17=SPHERICAL_SURFACE('',#3338,0.5);
#18=SPHERICAL_SURFACE('',#3344,0.5);
#19=SPHERICAL_SURFACE('',#3383,0.499999999999998);
#20=SPHERICAL_SURFACE('',#3389,0.499999999999998);
#21=STYLED_ITEM('',(#5430),#29);
#22=STYLED_ITEM('',(#5430),#30);
#23=STYLED_ITEM('',(#5430),#31);
#24=STYLED_ITEM('',(#5430),#32);
#25=STYLED_ITEM('',(#5430),#33);
#26=STYLED_ITEM('',(#5430),#34);
#27=STYLED_ITEM('',(#5430),#35);
#28=STYLED_ITEM('',(#5430),#36);
#29=MANIFOLD_SOLID_BREP('Body1',#3248);
#30=MANIFOLD_SOLID_BREP('Body2',#3249);
#31=MANIFOLD_SOLID_BREP('Body6',#3250);
#32=MANIFOLD_SOLID_BREP('Body7',#3251);
#33=MANIFOLD_SOLID_BREP('Body8',#3252);
#34=MANIFOLD_SOLID_BREP('Body9',#3253);
#35=MANIFOLD_SOLID_BREP('Body12',#3254);
#36=MANIFOLD_SOLID_BREP('Body13',#3255);
#37=CYLINDRICAL_SURFACE('',#3273,0.5);
#38=CYLINDRICAL_SURFACE('',#3283,0.5);
#39=CYLINDRICAL_SURFACE('',#3285,1.00000001490116);
#40=CYLINDRICAL_SURFACE('',#3289,0.999999999999996);
#41=CYLINDRICAL_SURFACE('',#3293,1.00000001490116);
#42=CYLINDRICAL_SURFACE('',#3297,1.);
#43=CYLINDRICAL_SURFACE('',#3315,1.60000000000001);
#44=CYLINDRICAL_SURFACE('',#3332,1.05);
#45=CYLINDRICAL_SURFACE('',#3342,0.5);
#46=CYLINDRICAL_SURFACE('',#3348,0.5);
#47=CYLINDRICAL_SURFACE('',#3349,0.5);
#48=CYLINDRICAL_SURFACE('',#3351,0.5);
#49=CYLINDRICAL_SURFACE('',#3353,0.5);
#50=CYLINDRICAL_SURFACE('',#3360,1.00000001490116);
#51=CYLINDRICAL_SURFACE('',#3363,0.999999999999996);
#52=CYLINDRICAL_SURFACE('',#3366,1.00000001490116);
#53=CYLINDRICAL_SURFACE('',#3370,1.);
#54=CYLINDRICAL_SURFACE('',#3387,0.5);
#55=CYLINDRICAL_SURFACE('',#3393,0.5);
#56=CYLINDRICAL_SURFACE('',#3395,0.5);
#57=CYLINDRICAL_SURFACE('',#3396,0.5);
#58=CYLINDRICAL_SURFACE('',#3398,0.5);
#59=CYLINDRICAL_SURFACE('',#3416,1.);
#60=CYLINDRICAL_SURFACE('',#3419,1.);
#61=CYLINDRICAL_SURFACE('',#3422,1.);
#62=CYLINDRICAL_SURFACE('',#3425,1.);
#63=CYLINDRICAL_SURFACE('',#3428,1.00000001490116);
#64=CYLINDRICAL_SURFACE('',#3430,0.999999999999996);
#65=CYLINDRICAL_SURFACE('',#3432,1.00000001490116);
#66=CYLINDRICAL_SURFACE('',#3435,1.);
#67=CYLINDRICAL_SURFACE('',#3441,0.350926210820342);
#68=CYLINDRICAL_SURFACE('',#3450,2.70082448693322);
#69=CYLINDRICAL_SURFACE('',#3451,0.354611377974529);
#70=CYLINDRICAL_SURFACE('',#3476,1.);
#71=CYLINDRICAL_SURFACE('',#3478,0.899998200000002);
#72=CYLINDRICAL_SURFACE('',#3480,1.00000054);
#73=CYLINDRICAL_SURFACE('',#3482,1.92536097960568);
#74=CYLINDRICAL_SURFACE('',#3484,0.353670435760789);
#75=CYLINDRICAL_SURFACE('',#3489,1.50831021490256);
#76=CYLINDRICAL_SURFACE('',#3492,0.350170578446883);
#77=CYLINDRICAL_SURFACE('',#3494,1.92506712722582);
#78=CYLINDRICAL_SURFACE('',#3496,0.35017057851511);
#79=CYLINDRICAL_SURFACE('',#3499,0.349957083684461);
#80=CYLINDRICAL_SURFACE('',#3501,1.20055590319833);
#81=CYLINDRICAL_SURFACE('',#3504,1.19839070072564);
#82=CYLINDRICAL_SURFACE('',#3507,0.350925368893714);
#83=CYLINDRICAL_SURFACE('',#3509,2.7008227775586);
#84=CYLINDRICAL_SURFACE('',#3511,0.35461092946987);
#85=CYLINDRICAL_SURFACE('',#3513,1.49884077296741);
#86=CYLINDRICAL_SURFACE('',#3525,0.8999982);
#87=CYLINDRICAL_SURFACE('',#3530,0.5);
#88=CYLINDRICAL_SURFACE('',#3536,0.5);
#89=CYLINDRICAL_SURFACE('',#3542,0.5);
#90=CYLINDRICAL_SURFACE('',#3548,0.5);
#91=FACE_BOUND('',#428,.T.);
#92=FACE_BOUND('',#433,.T.);
#93=FACE_BOUND('',#434,.T.);
#94=FACE_BOUND('',#435,.T.);
#95=FACE_BOUND('',#436,.T.);
#96=FACE_BOUND('',#437,.T.);
#97=FACE_BOUND('',#439,.T.);
#98=FACE_BOUND('',#443,.T.);
#99=FACE_BOUND('',#446,.T.);
#100=FACE_BOUND('',#451,.T.);
#101=FACE_BOUND('',#461,.T.);
#102=FACE_BOUND('',#465,.T.);
#103=FACE_BOUND('',#468,.T.);
#104=FACE_BOUND('',#474,.T.);
#105=FACE_BOUND('',#501,.T.);
#106=FACE_BOUND('',#502,.T.);
#107=FACE_BOUND('',#503,.T.);
#108=FACE_BOUND('',#504,.T.);
#109=FACE_BOUND('',#505,.T.);
#110=FACE_BOUND('',#509,.T.);
#111=FACE_BOUND('',#524,.T.);
#112=FACE_BOUND('',#525,.T.);
#113=FACE_BOUND('',#526,.T.);
#114=FACE_BOUND('',#527,.T.);
#115=FACE_BOUND('',#528,.T.);
#116=FACE_BOUND('',#545,.T.);
#117=FACE_BOUND('',#558,.T.);
#118=FACE_BOUND('',#559,.T.);
#119=FACE_BOUND('',#560,.T.);
#120=FACE_BOUND('',#589,.T.);
#121=FACE_BOUND('',#590,.T.);
#122=FACE_BOUND('',#591,.T.);
#123=FACE_BOUND('',#599,.T.);
#124=FACE_BOUND('',#603,.T.);
#125=CIRCLE('',#3261,0.999999999999996);
#126=CIRCLE('',#3267,1.);
#127=CIRCLE('',#3268,0.999999999999996);
#128=CIRCLE('',#3270,1.05);
#129=CIRCLE('',#3274,0.5);
#130=CIRCLE('',#3275,0.5);
#131=CIRCLE('',#3277,0.5);
#132=CIRCLE('',#3278,1.);
#133=CIRCLE('',#3279,1.00000001490116);
#134=CIRCLE('',#3280,0.999999999999996);
#135=CIRCLE('',#3281,1.00000001490116);
#136=CIRCLE('',#3284,0.5);
#137=CIRCLE('',#3286,1.00000001490116);
#138=CIRCLE('',#3287,1.00000001490116);
#139=CIRCLE('',#3288,1.00000001490116);
#140=CIRCLE('',#3290,0.999999999999996);
#141=CIRCLE('',#3291,0.999999999999996);
#142=CIRCLE('',#3292,0.999999999999996);
#143=CIRCLE('',#3294,1.00000001490116);
#144=CIRCLE('',#3295,1.00000001490116);
#145=CIRCLE('',#3296,1.00000001490116);
#146=CIRCLE('',#3298,1.);
#147=CIRCLE('',#3299,1.);
#148=CIRCLE('',#3300,1.);
#149=CIRCLE('',#3301,1.);
#150=CIRCLE('',#3316,1.60000000000001);
#151=CIRCLE('',#3317,1.60000000000001);
#152=CIRCLE('',#3333,1.05);
#153=CIRCLE('',#3339,0.5);
#154=CIRCLE('',#3340,0.5);
#155=CIRCLE('',#3341,0.499999999999998);
#156=CIRCLE('',#3343,0.5);
#157=CIRCLE('',#3345,0.499999999999998);
#158=CIRCLE('',#3346,0.5);
#159=CIRCLE('',#3347,0.499999999999998);
#160=CIRCLE('',#3350,0.5);
#161=CIRCLE('',#3352,0.5);
#162=CIRCLE('',#3354,0.5);
#163=CIRCLE('',#3356,1.00000001490116);
#164=CIRCLE('',#3358,1.00000001490116);
#165=CIRCLE('',#3361,1.00000001490116);
#166=CIRCLE('',#3362,1.00000001490116);
#167=CIRCLE('',#3364,0.999999999999996);
#168=CIRCLE('',#3365,0.999999999999996);
#169=CIRCLE('',#3367,1.00000001490116);
#170=CIRCLE('',#3368,1.00000001490116);
#171=CIRCLE('',#3369,1.00000001490116);
#172=CIRCLE('',#3371,1.);
#173=CIRCLE('',#3372,1.);
#174=CIRCLE('',#3373,1.);
#175=CIRCLE('',#3384,0.5);
#176=CIRCLE('',#3385,0.499999999999998);
#177=CIRCLE('',#3386,0.499999999999998);
#178=CIRCLE('',#3388,0.5);
#179=CIRCLE('',#3390,0.499999999999998);
#180=CIRCLE('',#3391,0.499999999999998);
#181=CIRCLE('',#3392,0.499999999999998);
#182=CIRCLE('',#3394,0.5);
#183=CIRCLE('',#3397,0.5);
#184=CIRCLE('',#3399,0.5);
#185=CIRCLE('',#3403,1.00000001490116);
#186=CIRCLE('',#3404,0.999999999999996);
#187=CIRCLE('',#3405,1.00000001490116);
#188=CIRCLE('',#3406,1.);
#189=CIRCLE('',#3407,1.);
#190=CIRCLE('',#3408,1.);
#191=CIRCLE('',#3409,1.);
#192=CIRCLE('',#3410,1.);
#193=CIRCLE('',#3413,1.00000001490116);
#194=CIRCLE('',#3415,1.00000001490116);
#195=CIRCLE('',#3417,1.);
#196=CIRCLE('',#3420,1.);
#197=CIRCLE('',#3423,1.);
#198=CIRCLE('',#3426,1.);
#199=CIRCLE('',#3429,1.00000001490116);
#200=CIRCLE('',#3431,0.999999999999996);
#201=CIRCLE('',#3433,1.00000001490116);
#202=CIRCLE('',#3434,1.00000001490116);
#203=CIRCLE('',#3436,1.);
#204=CIRCLE('',#3437,1.);
#205=CIRCLE('',#3442,0.350926210820342);
#206=CIRCLE('',#3443,0.350926210820342);
#207=CIRCLE('',#3445,0.354611377974529);
#208=CIRCLE('',#3446,2.70082448693322);
#209=CIRCLE('',#3448,2.70082448693322);
#210=CIRCLE('',#3449,0.354611377974529);
#211=CIRCLE('',#3457,1.49884077296741);
#212=CIRCLE('',#3458,0.353670435760789);
#213=CIRCLE('',#3459,1.92536097960568);
#214=CIRCLE('',#3460,0.35461092946987);
#215=CIRCLE('',#3461,2.7008227775586);
#216=CIRCLE('',#3462,0.350925368893714);
#217=CIRCLE('',#3463,1.19839070072564);
#218=CIRCLE('',#3464,1.20055590319833);
#219=CIRCLE('',#3465,0.349957083684461);
#220=CIRCLE('',#3466,0.35017057851511);
#221=CIRCLE('',#3467,1.92506712722582);
#222=CIRCLE('',#3468,0.350170578446883);
#223=CIRCLE('',#3469,1.50831021490256);
#224=CIRCLE('',#3470,1.00000054);
#225=CIRCLE('',#3471,0.899998200000002);
#226=CIRCLE('',#3472,1.);
#227=CIRCLE('',#3477,1.);
#228=CIRCLE('',#3479,0.899998200000002);
#229=CIRCLE('',#3481,1.00000054);
#230=CIRCLE('',#3483,1.92536097960568);
#231=CIRCLE('',#3485,0.353670435760789);
#232=CIRCLE('',#3490,1.50831021490256);
#233=CIRCLE('',#3493,0.350170578446883);
#234=CIRCLE('',#3495,1.92506712722582);
#235=CIRCLE('',#3497,0.35017057851511);
#236=CIRCLE('',#3500,0.349957083684461);
#237=CIRCLE('',#3502,1.20055590319833);
#238=CIRCLE('',#3505,1.19839070072564);
#239=CIRCLE('',#3508,0.350925368893714);
#240=CIRCLE('',#3510,2.7008227775586);
#241=CIRCLE('',#3512,0.35461092946987);
#242=CIRCLE('',#3514,1.49884077296741);
#243=CIRCLE('',#3524,0.8999982);
#244=CIRCLE('',#3526,0.8999982);
#245=CIRCLE('',#3532,0.5);
#246=CIRCLE('',#3537,0.5);
#247=CIRCLE('',#3544,0.5);
#248=CIRCLE('',#3549,0.5);
#249=FACE_OUTER_BOUND('',#418,.T.);
#250=FACE_OUTER_BOUND('',#419,.T.);
#251=FACE_OUTER_BOUND('',#420,.T.);
#252=FACE_OUTER_BOUND('',#421,.T.);
#253=FACE_OUTER_BOUND('',#422,.T.);
#254=FACE_OUTER_BOUND('',#423,.T.);
#255=FACE_OUTER_BOUND('',#424,.T.);
#256=FACE_OUTER_BOUND('',#425,.T.);
#257=FACE_OUTER_BOUND('',#426,.T.);
#258=FACE_OUTER_BOUND('',#427,.T.);
#259=FACE_OUTER_BOUND('',#429,.T.);
#260=FACE_OUTER_BOUND('',#430,.T.);
#261=FACE_OUTER_BOUND('',#431,.T.);
#262=FACE_OUTER_BOUND('',#432,.T.);
#263=FACE_OUTER_BOUND('',#438,.T.);
#264=FACE_OUTER_BOUND('',#440,.T.);
#265=FACE_OUTER_BOUND('',#441,.T.);
#266=FACE_OUTER_BOUND('',#442,.T.);
#267=FACE_OUTER_BOUND('',#444,.T.);
#268=FACE_OUTER_BOUND('',#445,.T.);
#269=FACE_OUTER_BOUND('',#447,.T.);
#270=FACE_OUTER_BOUND('',#448,.T.);
#271=FACE_OUTER_BOUND('',#449,.T.);
#272=FACE_OUTER_BOUND('',#450,.T.);
#273=FACE_OUTER_BOUND('',#452,.T.);
#274=FACE_OUTER_BOUND('',#453,.T.);
#275=FACE_OUTER_BOUND('',#454,.T.);
#276=FACE_OUTER_BOUND('',#455,.T.);
#277=FACE_OUTER_BOUND('',#456,.T.);
#278=FACE_OUTER_BOUND('',#457,.T.);
#279=FACE_OUTER_BOUND('',#458,.T.);
#280=FACE_OUTER_BOUND('',#459,.T.);
#281=FACE_OUTER_BOUND('',#460,.T.);
#282=FACE_OUTER_BOUND('',#462,.T.);
#283=FACE_OUTER_BOUND('',#463,.T.);
#284=FACE_OUTER_BOUND('',#464,.T.);
#285=FACE_OUTER_BOUND('',#466,.T.);
#286=FACE_OUTER_BOUND('',#467,.T.);
#287=FACE_OUTER_BOUND('',#469,.T.);
#288=FACE_OUTER_BOUND('',#470,.T.);
#289=FACE_OUTER_BOUND('',#471,.T.);
#290=FACE_OUTER_BOUND('',#472,.T.);
#291=FACE_OUTER_BOUND('',#473,.T.);
#292=FACE_OUTER_BOUND('',#475,.T.);
#293=FACE_OUTER_BOUND('',#476,.T.);
#294=FACE_OUTER_BOUND('',#477,.T.);
#295=FACE_OUTER_BOUND('',#478,.T.);
#296=FACE_OUTER_BOUND('',#479,.T.);
#297=FACE_OUTER_BOUND('',#480,.T.);
#298=FACE_OUTER_BOUND('',#481,.T.);
#299=FACE_OUTER_BOUND('',#482,.T.);
#300=FACE_OUTER_BOUND('',#483,.T.);
#301=FACE_OUTER_BOUND('',#484,.T.);
#302=FACE_OUTER_BOUND('',#485,.T.);
#303=FACE_OUTER_BOUND('',#486,.T.);
#304=FACE_OUTER_BOUND('',#487,.T.);
#305=FACE_OUTER_BOUND('',#488,.T.);
#306=FACE_OUTER_BOUND('',#489,.T.);
#307=FACE_OUTER_BOUND('',#490,.T.);
#308=FACE_OUTER_BOUND('',#491,.T.);
#309=FACE_OUTER_BOUND('',#492,.T.);
#310=FACE_OUTER_BOUND('',#493,.T.);
#311=FACE_OUTER_BOUND('',#494,.T.);
#312=FACE_OUTER_BOUND('',#495,.T.);
#313=FACE_OUTER_BOUND('',#496,.T.);
#314=FACE_OUTER_BOUND('',#497,.T.);
#315=FACE_OUTER_BOUND('',#498,.T.);
#316=FACE_OUTER_BOUND('',#499,.T.);
#317=FACE_OUTER_BOUND('',#500,.T.);
#318=FACE_OUTER_BOUND('',#506,.T.);
#319=FACE_OUTER_BOUND('',#507,.T.);
#320=FACE_OUTER_BOUND('',#508,.T.);
#321=FACE_OUTER_BOUND('',#510,.T.);
#322=FACE_OUTER_BOUND('',#511,.T.);
#323=FACE_OUTER_BOUND('',#512,.T.);
#324=FACE_OUTER_BOUND('',#513,.T.);
#325=FACE_OUTER_BOUND('',#514,.T.);
#326=FACE_OUTER_BOUND('',#515,.T.);
#327=FACE_OUTER_BOUND('',#516,.T.);
#328=FACE_OUTER_BOUND('',#517,.T.);
#329=FACE_OUTER_BOUND('',#518,.T.);
#330=FACE_OUTER_BOUND('',#519,.T.);
#331=FACE_OUTER_BOUND('',#520,.T.);
#332=FACE_OUTER_BOUND('',#521,.T.);
#333=FACE_OUTER_BOUND('',#522,.T.);
#334=FACE_OUTER_BOUND('',#523,.T.);
#335=FACE_OUTER_BOUND('',#529,.T.);
#336=FACE_OUTER_BOUND('',#530,.T.);
#337=FACE_OUTER_BOUND('',#531,.T.);
#338=FACE_OUTER_BOUND('',#532,.T.);
#339=FACE_OUTER_BOUND('',#533,.T.);
#340=FACE_OUTER_BOUND('',#534,.T.);
#341=FACE_OUTER_BOUND('',#535,.T.);
#342=FACE_OUTER_BOUND('',#536,.T.);
#343=FACE_OUTER_BOUND('',#537,.T.);
#344=FACE_OUTER_BOUND('',#538,.T.);
#345=FACE_OUTER_BOUND('',#539,.T.);
#346=FACE_OUTER_BOUND('',#540,.T.);
#347=FACE_OUTER_BOUND('',#541,.T.);
#348=FACE_OUTER_BOUND('',#542,.T.);
#349=FACE_OUTER_BOUND('',#543,.T.);
#350=FACE_OUTER_BOUND('',#544,.T.);
#351=FACE_OUTER_BOUND('',#546,.T.);
#352=FACE_OUTER_BOUND('',#547,.T.);
#353=FACE_OUTER_BOUND('',#548,.T.);
#354=FACE_OUTER_BOUND('',#549,.T.);
#355=FACE_OUTER_BOUND('',#550,.T.);
#356=FACE_OUTER_BOUND('',#551,.T.);
#357=FACE_OUTER_BOUND('',#552,.T.);
#358=FACE_OUTER_BOUND('',#553,.T.);
#359=FACE_OUTER_BOUND('',#554,.T.);
#360=FACE_OUTER_BOUND('',#555,.T.);
#361=FACE_OUTER_BOUND('',#556,.T.);
#362=FACE_OUTER_BOUND('',#557,.T.);
#363=FACE_OUTER_BOUND('',#561,.T.);
#364=FACE_OUTER_BOUND('',#562,.T.);
#365=FACE_OUTER_BOUND('',#563,.T.);
#366=FACE_OUTER_BOUND('',#564,.T.);
#367=FACE_OUTER_BOUND('',#565,.T.);
#368=FACE_OUTER_BOUND('',#566,.T.);
#369=FACE_OUTER_BOUND('',#567,.T.);
#370=FACE_OUTER_BOUND('',#568,.T.);
#371=FACE_OUTER_BOUND('',#569,.T.);
#372=FACE_OUTER_BOUND('',#570,.T.);
#373=FACE_OUTER_BOUND('',#571,.T.);
#374=FACE_OUTER_BOUND('',#572,.T.);
#375=FACE_OUTER_BOUND('',#573,.T.);
#376=FACE_OUTER_BOUND('',#574,.T.);
#377=FACE_OUTER_BOUND('',#575,.T.);
#378=FACE_OUTER_BOUND('',#576,.T.);
#379=FACE_OUTER_BOUND('',#577,.T.);
#380=FACE_OUTER_BOUND('',#578,.T.);
#381=FACE_OUTER_BOUND('',#579,.T.);
#382=FACE_OUTER_BOUND('',#580,.T.);
#383=FACE_OUTER_BOUND('',#581,.T.);
#384=FACE_OUTER_BOUND('',#582,.T.);
#385=FACE_OUTER_BOUND('',#583,.T.);
#386=FACE_OUTER_BOUND('',#584,.T.);
#387=FACE_OUTER_BOUND('',#585,.T.);
#388=FACE_OUTER_BOUND('',#586,.T.);
#389=FACE_OUTER_BOUND('',#587,.T.);
#390=FACE_OUTER_BOUND('',#588,.T.);
#391=FACE_OUTER_BOUND('',#592,.T.);
#392=FACE_OUTER_BOUND('',#593,.T.);
#393=FACE_OUTER_BOUND('',#594,.T.);
#394=FACE_OUTER_BOUND('',#595,.T.);
#395=FACE_OUTER_BOUND('',#596,.T.);
#396=FACE_OUTER_BOUND('',#597,.T.);
#397=FACE_OUTER_BOUND('',#598,.T.);
#398=FACE_OUTER_BOUND('',#600,.T.);
#399=FACE_OUTER_BOUND('',#601,.T.);
#400=FACE_OUTER_BOUND('',#602,.T.);
#401=FACE_OUTER_BOUND('',#604,.T.);
#402=FACE_OUTER_BOUND('',#605,.T.);
#403=FACE_OUTER_BOUND('',#606,.T.);
#404=FACE_OUTER_BOUND('',#607,.T.);
#405=FACE_OUTER_BOUND('',#608,.T.);
#406=FACE_OUTER_BOUND('',#609,.T.);
#407=FACE_OUTER_BOUND('',#610,.T.);
#408=FACE_OUTER_BOUND('',#611,.T.);
#409=FACE_OUTER_BOUND('',#612,.T.);
#410=FACE_OUTER_BOUND('',#613,.T.);
#411=FACE_OUTER_BOUND('',#614,.T.);
#412=FACE_OUTER_BOUND('',#615,.T.);
#413=FACE_OUTER_BOUND('',#616,.T.);
#414=FACE_OUTER_BOUND('',#617,.T.);
#415=FACE_OUTER_BOUND('',#618,.T.);
#416=FACE_OUTER_BOUND('',#619,.T.);
#417=FACE_OUTER_BOUND('',#620,.T.);
#418=EDGE_LOOP('',(#2046,#2047,#2048,#2049,#2050,#2051));
#419=EDGE_LOOP('',(#2052,#2053,#2054,#2055,#2056,#2057,#2058,#2059,#2060,
#2061));
#420=EDGE_LOOP('',(#2062,#2063,#2064,#2065));
#421=EDGE_LOOP('',(#2066,#2067,#2068,#2069,#2070,#2071,#2072));
#422=EDGE_LOOP('',(#2073,#2074,#2075,#2076));
#423=EDGE_LOOP('',(#2077,#2078,#2079,#2080));
#424=EDGE_LOOP('',(#2081,#2082,#2083,#2084,#2085,#2086));
#425=EDGE_LOOP('',(#2087,#2088,#2089,#2090,#2091,#2092,#2093,#2094,#2095,
#2096));
#426=EDGE_LOOP('',(#2097,#2098,#2099,#2100,#2101,#2102,#2103,#2104,#2105,
#2106));
#427=EDGE_LOOP('',(#2107,#2108,#2109,#2110));
#428=EDGE_LOOP('',(#2111));
#429=EDGE_LOOP('',(#2112,#2113,#2114,#2115));
#430=EDGE_LOOP('',(#2116,#2117,#2118,#2119));
#431=EDGE_LOOP('',(#2120,#2121,#2122,#2123));
#432=EDGE_LOOP('',(#2124,#2125,#2126,#2127,#2128,#2129));
#433=EDGE_LOOP('',(#2130,#2131,#2132,#2133));
#434=EDGE_LOOP('',(#2134));
#435=EDGE_LOOP('',(#2135));
#436=EDGE_LOOP('',(#2136));
#437=EDGE_LOOP('',(#2137));
#438=EDGE_LOOP('',(#2138,#2139,#2140,#2141));
#439=EDGE_LOOP('',(#2142,#2143,#2144,#2145));
#440=EDGE_LOOP('',(#2146,#2147,#2148,#2149));
#441=EDGE_LOOP('',(#2150,#2151,#2152,#2153,#2154,#2155,#2156,#2157));
#442=EDGE_LOOP('',(#2158,#2159,#2160,#2161,#2162,#2163,#2164,#2165));
#443=EDGE_LOOP('',(#2166,#2167,#2168,#2169));
#444=EDGE_LOOP('',(#2170,#2171,#2172,#2173,#2174,#2175,#2176,#2177));
#445=EDGE_LOOP('',(#2178,#2179,#2180,#2181,#2182,#2183,#2184,#2185));
#446=EDGE_LOOP('',(#2186,#2187,#2188,#2189));
#447=EDGE_LOOP('',(#2190,#2191,#2192,#2193));
#448=EDGE_LOOP('',(#2194,#2195,#2196,#2197));
#449=EDGE_LOOP('',(#2198,#2199,#2200,#2201,#2202,#2203,#2204,#2205));
#450=EDGE_LOOP('',(#2206,#2207,#2208,#2209,#2210,#2211,#2212,#2213));
#451=EDGE_LOOP('',(#2214,#2215,#2216,#2217));
#452=EDGE_LOOP('',(#2218,#2219,#2220,#2221));
#453=EDGE_LOOP('',(#2222,#2223,#2224,#2225));
#454=EDGE_LOOP('',(#2226,#2227,#2228,#2229));
#455=EDGE_LOOP('',(#2230,#2231,#2232,#2233));
#456=EDGE_LOOP('',(#2234,#2235,#2236,#2237));
#457=EDGE_LOOP('',(#2238,#2239,#2240,#2241));
#458=EDGE_LOOP('',(#2242,#2243,#2244,#2245));
#459=EDGE_LOOP('',(#2246,#2247,#2248,#2249));
#460=EDGE_LOOP('',(#2250,#2251,#2252,#2253));
#461=EDGE_LOOP('',(#2254,#2255,#2256,#2257));
#462=EDGE_LOOP('',(#2258,#2259,#2260,#2261));
#463=EDGE_LOOP('',(#2262));
#464=EDGE_LOOP('',(#2263,#2264,#2265,#2266));
#465=EDGE_LOOP('',(#2267,#2268,#2269,#2270));
#466=EDGE_LOOP('',(#2271,#2272,#2273,#2274));
#467=EDGE_LOOP('',(#2275,#2276,#2277,#2278));
#468=EDGE_LOOP('',(#2279));
#469=EDGE_LOOP('',(#2280,#2281,#2282,#2283));
#470=EDGE_LOOP('',(#2284,#2285,#2286,#2287));
#471=EDGE_LOOP('',(#2288,#2289,#2290,#2291));
#472=EDGE_LOOP('',(#2292,#2293,#2294,#2295));
#473=EDGE_LOOP('',(#2296,#2297,#2298,#2299,#2300,#2301));
#474=EDGE_LOOP('',(#2302,#2303,#2304,#2305,#2306,#2307,#2308,#2309,#2310,
#2311,#2312,#2313));
#475=EDGE_LOOP('',(#2314,#2315,#2316,#2317));
#476=EDGE_LOOP('',(#2318,#2319,#2320,#2321,#2322,#2323));
#477=EDGE_LOOP('',(#2324,#2325,#2326,#2327));
#478=EDGE_LOOP('',(#2328,#2329,#2330,#2331));
#479=EDGE_LOOP('',(#2332,#2333,#2334,#2335,#2336,#2337));
#480=EDGE_LOOP('',(#2338,#2339,#2340,#2341));
#481=EDGE_LOOP('',(#2342));
#482=EDGE_LOOP('',(#2343,#2344,#2345,#2346));
#483=EDGE_LOOP('',(#2347,#2348,#2349,#2350,#2351,#2352,#2353,#2354,#2355,
#2356,#2357,#2358));
#484=EDGE_LOOP('',(#2359,#2360,#2361,#2362,#2363));
#485=EDGE_LOOP('',(#2364,#2365,#2366));
#486=EDGE_LOOP('',(#2367,#2368,#2369,#2370,#2371,#2372));
#487=EDGE_LOOP('',(#2373,#2374,#2375));
#488=EDGE_LOOP('',(#2376,#2377,#2378,#2379,#2380,#2381));
#489=EDGE_LOOP('',(#2382,#2383,#2384,#2385,#2386,#2387));
#490=EDGE_LOOP('',(#2388,#2389,#2390,#2391));
#491=EDGE_LOOP('',(#2392,#2393,#2394,#2395));
#492=EDGE_LOOP('',(#2396,#2397,#2398));
#493=EDGE_LOOP('',(#2399,#2400,#2401));
#494=EDGE_LOOP('',(#2402,#2403,#2404,#2405));
#495=EDGE_LOOP('',(#2406,#2407,#2408,#2409,#2410));
#496=EDGE_LOOP('',(#2411,#2412,#2413,#2414));
#497=EDGE_LOOP('',(#2415,#2416,#2417,#2418,#2419,#2420));
#498=EDGE_LOOP('',(#2421,#2422,#2423,#2424,#2425));
#499=EDGE_LOOP('',(#2426,#2427,#2428,#2429,#2430,#2431));
#500=EDGE_LOOP('',(#2432,#2433,#2434,#2435,#2436,#2437));
#501=EDGE_LOOP('',(#2438,#2439,#2440,#2441));
#502=EDGE_LOOP('',(#2442));
#503=EDGE_LOOP('',(#2443));
#504=EDGE_LOOP('',(#2444));
#505=EDGE_LOOP('',(#2445));
#506=EDGE_LOOP('',(#2446,#2447,#2448,#2449));
#507=EDGE_LOOP('',(#2450,#2451,#2452,#2453));
#508=EDGE_LOOP('',(#2454,#2455,#2456,#2457,#2458,#2459,#2460,#2461,#2462,
#2463,#2464,#2465));
#509=EDGE_LOOP('',(#2466,#2467,#2468,#2469));
#510=EDGE_LOOP('',(#2470,#2471,#2472,#2473));
#511=EDGE_LOOP('',(#2474,#2475,#2476,#2477));
#512=EDGE_LOOP('',(#2478,#2479,#2480,#2481));
#513=EDGE_LOOP('',(#2482,#2483,#2484,#2485));
#514=EDGE_LOOP('',(#2486,#2487,#2488));
#515=EDGE_LOOP('',(#2489,#2490,#2491,#2492));
#516=EDGE_LOOP('',(#2493,#2494,#2495));
#517=EDGE_LOOP('',(#2496,#2497,#2498,#2499,#2500,#2501));
#518=EDGE_LOOP('',(#2502,#2503,#2504,#2505,#2506,#2507));
#519=EDGE_LOOP('',(#2508,#2509,#2510,#2511));
#520=EDGE_LOOP('',(#2512,#2513,#2514,#2515,#2516,#2517));
#521=EDGE_LOOP('',(#2518,#2519,#2520,#2521));
#522=EDGE_LOOP('',(#2522,#2523,#2524,#2525));
#523=EDGE_LOOP('',(#2526,#2527,#2528,#2529,#2530,#2531));
#524=EDGE_LOOP('',(#2532));
#525=EDGE_LOOP('',(#2533));
#526=EDGE_LOOP('',(#2534));
#527=EDGE_LOOP('',(#2535));
#528=EDGE_LOOP('',(#2536,#2537,#2538,#2539,#2540,#2541,#2542,#2543));
#529=EDGE_LOOP('',(#2544,#2545,#2546,#2547));
#530=EDGE_LOOP('',(#2548,#2549,#2550));
#531=EDGE_LOOP('',(#2551,#2552,#2553));
#532=EDGE_LOOP('',(#2554,#2555,#2556,#2557));
#533=EDGE_LOOP('',(#2558,#2559,#2560,#2561));
#534=EDGE_LOOP('',(#2562,#2563,#2564,#2565));
#535=EDGE_LOOP('',(#2566,#2567,#2568,#2569));
#536=EDGE_LOOP('',(#2570,#2571,#2572,#2573));
#537=EDGE_LOOP('',(#2574,#2575,#2576,#2577));
#538=EDGE_LOOP('',(#2578,#2579,#2580,#2581));
#539=EDGE_LOOP('',(#2582,#2583,#2584,#2585));
#540=EDGE_LOOP('',(#2586,#2587,#2588,#2589,#2590));
#541=EDGE_LOOP('',(#2591,#2592,#2593,#2594));
#542=EDGE_LOOP('',(#2595,#2596,#2597,#2598,#2599,#2600));
#543=EDGE_LOOP('',(#2601,#2602,#2603,#2604,#2605));
#544=EDGE_LOOP('',(#2606,#2607,#2608,#2609,#2610,#2611,#2612,#2613,#2614,
#2615,#2616,#2617));
#545=EDGE_LOOP('',(#2618,#2619,#2620,#2621,#2622,#2623,#2624,#2625));
#546=EDGE_LOOP('',(#2626,#2627,#2628,#2629,#2630,#2631));
#547=EDGE_LOOP('',(#2632,#2633,#2634,#2635));
#548=EDGE_LOOP('',(#2636,#2637,#2638,#2639));
#549=EDGE_LOOP('',(#2640,#2641,#2642,#2643));
#550=EDGE_LOOP('',(#2644,#2645,#2646,#2647));
#551=EDGE_LOOP('',(#2648,#2649,#2650,#2651));
#552=EDGE_LOOP('',(#2652,#2653,#2654,#2655));
#553=EDGE_LOOP('',(#2656,#2657,#2658,#2659));
#554=EDGE_LOOP('',(#2660,#2661,#2662,#2663));
#555=EDGE_LOOP('',(#2664,#2665,#2666,#2667));
#556=EDGE_LOOP('',(#2668,#2669,#2670,#2671));
#557=EDGE_LOOP('',(#2672,#2673,#2674,#2675,#2676,#2677,#2678,#2679,#2680,
#2681,#2682,#2683,#2684,#2685,#2686,#2687,#2688,#2689,#2690,#2691,#2692,
#2693,#2694,#2695,#2696,#2697));
#558=EDGE_LOOP('',(#2698));
#559=EDGE_LOOP('',(#2699));
#560=EDGE_LOOP('',(#2700));
#561=EDGE_LOOP('',(#2701,#2702,#2703,#2704,#2705,#2706,#2707,#2708));
#562=EDGE_LOOP('',(#2709,#2710,#2711,#2712));
#563=EDGE_LOOP('',(#2713,#2714,#2715,#2716));
#564=EDGE_LOOP('',(#2717,#2718,#2719,#2720));
#565=EDGE_LOOP('',(#2721,#2722,#2723,#2724));
#566=EDGE_LOOP('',(#2725,#2726,#2727,#2728));
#567=EDGE_LOOP('',(#2729,#2730,#2731,#2732));
#568=EDGE_LOOP('',(#2733,#2734,#2735,#2736));
#569=EDGE_LOOP('',(#2737,#2738,#2739,#2740));
#570=EDGE_LOOP('',(#2741,#2742,#2743,#2744));
#571=EDGE_LOOP('',(#2745,#2746,#2747,#2748));
#572=EDGE_LOOP('',(#2749,#2750,#2751,#2752));
#573=EDGE_LOOP('',(#2753,#2754,#2755,#2756));
#574=EDGE_LOOP('',(#2757,#2758,#2759,#2760));
#575=EDGE_LOOP('',(#2761,#2762,#2763,#2764));
#576=EDGE_LOOP('',(#2765,#2766,#2767,#2768));
#577=EDGE_LOOP('',(#2769,#2770,#2771,#2772));
#578=EDGE_LOOP('',(#2773,#2774,#2775,#2776));
#579=EDGE_LOOP('',(#2777,#2778,#2779,#2780));
#580=EDGE_LOOP('',(#2781,#2782,#2783,#2784));
#581=EDGE_LOOP('',(#2785,#2786,#2787,#2788));
#582=EDGE_LOOP('',(#2789,#2790,#2791,#2792));
#583=EDGE_LOOP('',(#2793,#2794,#2795,#2796));
#584=EDGE_LOOP('',(#2797,#2798,#2799,#2800));
#585=EDGE_LOOP('',(#2801,#2802,#2803,#2804));
#586=EDGE_LOOP('',(#2805,#2806,#2807,#2808));
#587=EDGE_LOOP('',(#2809,#2810,#2811,#2812));
#588=EDGE_LOOP('',(#2813,#2814,#2815,#2816,#2817,#2818,#2819,#2820,#2821,
#2822,#2823,#2824,#2825,#2826,#2827,#2828,#2829,#2830,#2831,#2832,#2833,
#2834,#2835,#2836,#2837,#2838));
#589=EDGE_LOOP('',(#2839));
#590=EDGE_LOOP('',(#2840));
#591=EDGE_LOOP('',(#2841));
#592=EDGE_LOOP('',(#2842,#2843,#2844,#2845,#2846,#2847,#2848,#2849));
#593=EDGE_LOOP('',(#2850,#2851,#2852,#2853));
#594=EDGE_LOOP('',(#2854,#2855,#2856,#2857));
#595=EDGE_LOOP('',(#2858,#2859,#2860,#2861));
#596=EDGE_LOOP('',(#2862,#2863,#2864,#2865));
#597=EDGE_LOOP('',(#2866,#2867,#2868,#2869));
#598=EDGE_LOOP('',(#2870,#2871,#2872,#2873,#2874,#2875));
#599=EDGE_LOOP('',(#2876));
#600=EDGE_LOOP('',(#2877,#2878,#2879,#2880));
#601=EDGE_LOOP('',(#2881,#2882,#2883,#2884));
#602=EDGE_LOOP('',(#2885,#2886,#2887,#2888,#2889,#2890));
#603=EDGE_LOOP('',(#2891));
#604=EDGE_LOOP('',(#2892,#2893,#2894,#2895));
#605=EDGE_LOOP('',(#2896,#2897,#2898,#2899));
#606=EDGE_LOOP('',(#2900,#2901,#2902,#2903));
#607=EDGE_LOOP('',(#2904,#2905,#2906,#2907,#2908,#2909));
#608=EDGE_LOOP('',(#2910,#2911,#2912,#2913));
#609=EDGE_LOOP('',(#2914,#2915,#2916,#2917));
#610=EDGE_LOOP('',(#2918,#2919,#2920,#2921));
#611=EDGE_LOOP('',(#2922,#2923,#2924,#2925));
#612=EDGE_LOOP('',(#2926,#2927,#2928,#2929,#2930,#2931));
#613=EDGE_LOOP('',(#2932,#2933,#2934,#2935));
#614=EDGE_LOOP('',(#2936,#2937,#2938,#2939));
#615=EDGE_LOOP('',(#2940,#2941,#2942,#2943,#2944,#2945));
#616=EDGE_LOOP('',(#2946,#2947,#2948,#2949));
#617=EDGE_LOOP('',(#2950,#2951,#2952,#2953,#2954,#2955));
#618=EDGE_LOOP('',(#2956,#2957,#2958,#2959));
#619=EDGE_LOOP('',(#2960,#2961,#2962,#2963));
#620=EDGE_LOOP('',(#2964,#2965,#2966,#2967));
#621=LINE('',#4487,#954);
#622=LINE('',#4489,#955);
#623=LINE('',#4491,#956);
#624=LINE('',#4493,#957);
#625=LINE('',#4495,#958);
#626=LINE('',#4496,#959);
#627=LINE('',#4499,#960);
#628=LINE('',#4501,#961);
#629=LINE('',#4503,#962);
#630=LINE('',#4505,#963);
#631=LINE('',#4507,#964);
#632=LINE('',#4509,#965);
#633=LINE('',#4511,#966);
#634=LINE('',#4513,#967);
#635=LINE('',#4514,#968);
#636=LINE('',#4517,#969);
#637=LINE('',#4519,#970);
#638=LINE('',#4520,#971);
#639=LINE('',#4523,#972);
#640=LINE('',#4525,#973);
#641=LINE('',#4529,#974);
#642=LINE('',#4530,#975);
#643=LINE('',#4533,#976);
#644=LINE('',#4534,#977);
#645=LINE('',#4537,#978);
#646=LINE('',#4539,#979);
#647=LINE('',#4540,#980);
#648=LINE('',#4543,#981);
#649=LINE('',#4545,#982);
#650=LINE('',#4547,#983);
#651=LINE('',#4548,#984);
#652=LINE('',#4551,#985);
#653=LINE('',#4552,#986);
#654=LINE('',#4554,#987);
#655=LINE('',#4556,#988);
#656=LINE('',#4558,#989);
#657=LINE('',#4560,#990);
#658=LINE('',#4561,#991);
#659=LINE('',#4564,#992);
#660=LINE('',#4566,#993);
#661=LINE('',#4568,#994);
#662=LINE('',#4572,#995);
#663=LINE('',#4576,#996);
#664=LINE('',#4577,#997);
#665=LINE('',#4579,#998);
#666=LINE('',#4585,#999);
#667=LINE('',#4586,#1000);
#668=LINE('',#4592,#1001);
#669=LINE('',#4595,#1002);
#670=LINE('',#4598,#1003);
#671=LINE('',#4602,#1004);
#672=LINE('',#4604,#1005);
#673=LINE('',#4605,#1006);
#674=LINE('',#4608,#1007);
#675=LINE('',#4610,#1008);
#676=LINE('',#4612,#1009);
#677=LINE('',#4613,#1010);
#678=LINE('',#4624,#1011);
#679=LINE('',#4625,#1012);
#680=LINE('',#4628,#1013);
#681=LINE('',#4630,#1014);
#682=LINE('',#4632,#1015);
#683=LINE('',#4633,#1016);
#684=LINE('',#4637,#1017);
#685=LINE('',#4640,#1018);
#686=LINE('',#4644,#1019);
#687=LINE('',#4648,#1020);
#688=LINE('',#4652,#1021);
#689=LINE('',#4655,#1022);
#690=LINE('',#4657,#1023);
#691=LINE('',#4660,#1024);
#692=LINE('',#4664,#1025);
#693=LINE('',#4668,#1026);
#694=LINE('',#4672,#1027);
#695=LINE('',#4676,#1028);
#696=LINE('',#4679,#1029);
#697=LINE('',#4681,#1030);
#698=LINE('',#4687,#1031);
#699=LINE('',#4689,#1032);
#700=LINE('',#4690,#1033);
#701=LINE('',#4692,#1034);
#702=LINE('',#4694,#1035);
#703=LINE('',#4696,#1036);
#704=LINE('',#4697,#1037);
#705=LINE('',#4698,#1038);
#706=LINE('',#4700,#1039);
#707=LINE('',#4703,#1040);
#708=LINE('',#4705,#1041);
#709=LINE('',#4707,#1042);
#710=LINE('',#4708,#1043);
#711=LINE('',#4711,#1044);
#712=LINE('',#4713,#1045);
#713=LINE('',#4714,#1046);
#714=LINE('',#4717,#1047);
#715=LINE('',#4718,#1048);
#716=LINE('',#4721,#1049);
#717=LINE('',#4722,#1050);
#718=LINE('',#4724,#1051);
#719=LINE('',#4728,#1052);
#720=LINE('',#4730,#1053);
#721=LINE('',#4732,#1054);
#722=LINE('',#4733,#1055);
#723=LINE('',#4736,#1056);
#724=LINE('',#4738,#1057);
#725=LINE('',#4739,#1058);
#726=LINE('',#4742,#1059);
#727=LINE('',#4744,#1060);
#728=LINE('',#4745,#1061);
#729=LINE('',#4747,#1062);
#730=LINE('',#4748,#1063);
#731=LINE('',#4754,#1064);
#732=LINE('',#4758,#1065);
#733=LINE('',#4759,#1066);
#734=LINE('',#4761,#1067);
#735=LINE('',#4763,#1068);
#736=LINE('',#4767,#1069);
#737=LINE('',#4769,#1070);
#738=LINE('',#4770,#1071);
#739=LINE('',#4772,#1072);
#740=LINE('',#4774,#1073);
#741=LINE('',#4776,#1074);
#742=LINE('',#4778,#1075);
#743=LINE('',#4781,#1076);
#744=LINE('',#4782,#1077);
#745=LINE('',#4785,#1078);
#746=LINE('',#4786,#1079);
#747=LINE('',#4788,#1080);
#748=LINE('',#4791,#1081);
#749=LINE('',#4792,#1082);
#750=LINE('',#4795,#1083);
#751=LINE('',#4799,#1084);
#752=LINE('',#4814,#1085);
#753=LINE('',#4816,#1086);
#754=LINE('',#4817,#1087);
#755=LINE('',#4818,#1088);
#756=LINE('',#4828,#1089);
#757=LINE('',#4830,#1090);
#758=LINE('',#4831,#1091);
#759=LINE('',#4832,#1092);
#760=LINE('',#4837,#1093);
#761=LINE('',#4839,#1094);
#762=LINE('',#4841,#1095);
#763=LINE('',#4842,#1096);
#764=LINE('',#4847,#1097);
#765=LINE('',#4848,#1098);
#766=LINE('',#4853,#1099);
#767=LINE('',#4854,#1100);
#768=LINE('',#4861,#1101);
#769=LINE('',#4862,#1102);
#770=LINE('',#4866,#1103);
#771=LINE('',#4871,#1104);
#772=LINE('',#4877,#1105);
#773=LINE('',#4884,#1106);
#774=LINE('',#4888,#1107);
#775=LINE('',#4890,#1108);
#776=LINE('',#4891,#1109);
#777=LINE('',#4893,#1110);
#778=LINE('',#4894,#1111);
#779=LINE('',#4897,#1112);
#780=LINE('',#4899,#1113);
#781=LINE('',#4901,#1114);
#782=LINE('',#4902,#1115);
#783=LINE('',#4908,#1116);
#784=LINE('',#4910,#1117);
#785=LINE('',#4912,#1118);
#786=LINE('',#4913,#1119);
#787=LINE('',#4915,#1120);
#788=LINE('',#4916,#1121);
#789=LINE('',#4918,#1122);
#790=LINE('',#4920,#1123);
#791=LINE('',#4933,#1124);
#792=LINE('',#4934,#1125);
#793=LINE('',#4947,#1126);
#794=LINE('',#4949,#1127);
#795=LINE('',#4950,#1128);
#796=LINE('',#4951,#1129);
#797=LINE('',#4953,#1130);
#798=LINE('',#4955,#1131);
#799=LINE('',#4957,#1132);
#800=LINE('',#4958,#1133);
#801=LINE('',#4963,#1134);
#802=LINE('',#4964,#1135);
#803=LINE('',#4969,#1136);
#804=LINE('',#4971,#1137);
#805=LINE('',#4973,#1138);
#806=LINE('',#4974,#1139);
#807=LINE('',#4977,#1140);
#808=LINE('',#4978,#1141);
#809=LINE('',#4980,#1142);
#810=LINE('',#4983,#1143);
#811=LINE('',#4984,#1144);
#812=LINE('',#4995,#1145);
#813=LINE('',#4999,#1146);
#814=LINE('',#5003,#1147);
#815=LINE('',#5007,#1148);
#816=LINE('',#5010,#1149);
#817=LINE('',#5019,#1150);
#818=LINE('',#5020,#1151);
#819=LINE('',#5023,#1152);
#820=LINE('',#5024,#1153);
#821=LINE('',#5029,#1154);
#822=LINE('',#5030,#1155);
#823=LINE('',#5032,#1156);
#824=LINE('',#5037,#1157);
#825=LINE('',#5038,#1158);
#826=LINE('',#5040,#1159);
#827=LINE('',#5044,#1160);
#828=LINE('',#5046,#1161);
#829=LINE('',#5048,#1162);
#830=LINE('',#5051,#1163);
#831=LINE('',#5055,#1164);
#832=LINE('',#5060,#1165);
#833=LINE('',#5064,#1166);
#834=LINE('',#5069,#1167);
#835=LINE('',#5071,#1168);
#836=LINE('',#5073,#1169);
#837=LINE('',#5074,#1170);
#838=LINE('',#5079,#1171);
#839=LINE('',#5090,#1172);
#840=LINE('',#5095,#1173);
#841=LINE('',#5097,#1174);
#842=LINE('',#5099,#1175);
#843=LINE('',#5100,#1176);
#844=LINE('',#5103,#1177);
#845=LINE('',#5105,#1178);
#846=LINE('',#5106,#1179);
#847=LINE('',#5110,#1180);
#848=LINE('',#5112,#1181);
#849=LINE('',#5114,#1182);
#850=LINE('',#5115,#1183);
#851=LINE('',#5117,#1184);
#852=LINE('',#5118,#1185);
#853=LINE('',#5121,#1186);
#854=LINE('',#5123,#1187);
#855=LINE('',#5125,#1188);
#856=LINE('',#5127,#1189);
#857=LINE('',#5131,#1190);
#858=LINE('',#5143,#1191);
#859=LINE('',#5147,#1192);
#860=LINE('',#5153,#1193);
#861=LINE('',#5161,#1194);
#862=LINE('',#5165,#1195);
#863=LINE('',#5167,#1196);
#864=LINE('',#5168,#1197);
#865=LINE('',#5177,#1198);
#866=LINE('',#5179,#1199);
#867=LINE('',#5180,#1200);
#868=LINE('',#5183,#1201);
#869=LINE('',#5184,#1202);
#870=LINE('',#5187,#1203);
#871=LINE('',#5189,#1204);
#872=LINE('',#5190,#1205);
#873=LINE('',#5194,#1206);
#874=LINE('',#5198,#1207);
#875=LINE('',#5202,#1208);
#876=LINE('',#5207,#1209);
#877=LINE('',#5208,#1210);
#878=LINE('',#5212,#1211);
#879=LINE('',#5215,#1212);
#880=LINE('',#5216,#1213);
#881=LINE('',#5218,#1214);
#882=LINE('',#5221,#1215);
#883=LINE('',#5223,#1216);
#884=LINE('',#5224,#1217);
#885=LINE('',#5228,#1218);
#886=LINE('',#5231,#1219);
#887=LINE('',#5232,#1220);
#888=LINE('',#5236,#1221);
#889=LINE('',#5240,#1222);
#890=LINE('',#5244,#1223);
#891=LINE('',#5247,#1224);
#892=LINE('',#5248,#1225);
#893=LINE('',#5252,#1226);
#894=LINE('',#5256,#1227);
#895=LINE('',#5259,#1228);
#896=LINE('',#5260,#1229);
#897=LINE('',#5264,#1230);
#898=LINE('',#5267,#1231);
#899=LINE('',#5268,#1232);
#900=LINE('',#5272,#1233);
#901=LINE('',#5276,#1234);
#902=LINE('',#5281,#1235);
#903=LINE('',#5284,#1236);
#904=LINE('',#5287,#1237);
#905=LINE('',#5288,#1238);
#906=LINE('',#5290,#1239);
#907=LINE('',#5295,#1240);
#908=LINE('',#5297,#1241);
#909=LINE('',#5299,#1242);
#910=LINE('',#5300,#1243);
#911=LINE('',#5304,#1244);
#912=LINE('',#5305,#1245);
#913=LINE('',#5306,#1246);
#914=LINE('',#5310,#1247);
#915=LINE('',#5312,#1248);
#916=LINE('',#5314,#1249);
#917=LINE('',#5315,#1250);
#918=LINE('',#5317,#1251);
#919=LINE('',#5318,#1252);
#920=LINE('',#5321,#1253);
#921=LINE('',#5322,#1254);
#922=LINE('',#5327,#1255);
#923=LINE('',#5331,#1256);
#924=LINE('',#5332,#1257);
#925=LINE('',#5334,#1258);
#926=LINE('',#5341,#1259);
#927=LINE('',#5344,#1260);
#928=LINE('',#5347,#1261);
#929=LINE('',#5349,#1262);
#930=LINE('',#5350,#1263);
#931=LINE('',#5353,#1264);
#932=LINE('',#5355,#1265);
#933=LINE('',#5357,#1266);
#934=LINE('',#5361,#1267);
#935=LINE('',#5365,#1268);
#936=LINE('',#5366,#1269);
#937=LINE('',#5369,#1270);
#938=LINE('',#5370,#1271);
#939=LINE('',#5372,#1272);
#940=LINE('',#5379,#1273);
#941=LINE('',#5382,#1274);
#942=LINE('',#5385,#1275);
#943=LINE('',#5387,#1276);
#944=LINE('',#5388,#1277);
#945=LINE('',#5391,#1278);
#946=LINE('',#5393,#1279);
#947=LINE('',#5395,#1280);
#948=LINE('',#5400,#1281);
#949=LINE('',#5403,#1282);
#950=LINE('',#5405,#1283);
#951=LINE('',#5406,#1284);
#952=LINE('',#5408,#1285);
#953=LINE('',#5410,#1286);
#954=VECTOR('',#3558,10.);
#955=VECTOR('',#3559,10.);
#956=VECTOR('',#3560,10.);
#957=VECTOR('',#3561,10.);
#958=VECTOR('',#3562,10.);
#959=VECTOR('',#3563,10.);
#960=VECTOR('',#3566,10.);
#961=VECTOR('',#3567,10.);
#962=VECTOR('',#3568,10.);
#963=VECTOR('',#3569,10.);
#964=VECTOR('',#3570,10.);
#965=VECTOR('',#3571,10.);
#966=VECTOR('',#3572,10.);
#967=VECTOR('',#3573,10.);
#968=VECTOR('',#3574,10.);
#969=VECTOR('',#3577,10.);
#970=VECTOR('',#3578,10.);
#971=VECTOR('',#3579,10.);
#972=VECTOR('',#3582,10.);
#973=VECTOR('',#3583,10.);
#974=VECTOR('',#3586,10.);
#975=VECTOR('',#3587,10.);
#976=VECTOR('',#3590,10.);
#977=VECTOR('',#3591,10.);
#978=VECTOR('',#3594,10.);
#979=VECTOR('',#3595,10.);
#980=VECTOR('',#3596,10.);
#981=VECTOR('',#3599,10.);
#982=VECTOR('',#3600,10.);
#983=VECTOR('',#3601,10.);
#984=VECTOR('',#3602,10.);
#985=VECTOR('',#3605,10.);
#986=VECTOR('',#3606,10.);
#987=VECTOR('',#3607,10.);
#988=VECTOR('',#3608,10.);
#989=VECTOR('',#3609,10.);
#990=VECTOR('',#3610,10.);
#991=VECTOR('',#3611,10.);
#992=VECTOR('',#3614,10.);
#993=VECTOR('',#3615,10.);
#994=VECTOR('',#3616,10.);
#995=VECTOR('',#3619,10.);
#996=VECTOR('',#3622,10.);
#997=VECTOR('',#3623,10.);
#998=VECTOR('',#3626,10.);
#999=VECTOR('',#3633,10.);
#1000=VECTOR('',#3634,10.);
#1001=VECTOR('',#3639,10.);
#1002=VECTOR('',#3642,10.);
#1003=VECTOR('',#3645,10.);
#1004=VECTOR('',#3648,10.);
#1005=VECTOR('',#3649,10.);
#1006=VECTOR('',#3650,10.);
#1007=VECTOR('',#3651,10.);
#1008=VECTOR('',#3652,10.);
#1009=VECTOR('',#3653,10.);
#1010=VECTOR('',#3654,10.);
#1011=VECTOR('',#3665,10.);
#1012=VECTOR('',#3666,10.);
#1013=VECTOR('',#3667,10.);
#1014=VECTOR('',#3668,10.);
#1015=VECTOR('',#3669,10.);
#1016=VECTOR('',#3670,10.);
#1017=VECTOR('',#3675,10.);
#1018=VECTOR('',#3678,1.00000001490116);
#1019=VECTOR('',#3681,10.);
#1020=VECTOR('',#3684,10.);
#1021=VECTOR('',#3689,0.999999999999996);
#1022=VECTOR('',#3692,10.);
#1023=VECTOR('',#3693,10.);
#1024=VECTOR('',#3696,10.);
#1025=VECTOR('',#3701,1.00000001490116);
#1026=VECTOR('',#3704,10.);
#1027=VECTOR('',#3707,10.);
#1028=VECTOR('',#3712,1.);
#1029=VECTOR('',#3715,10.);
#1030=VECTOR('',#3716,10.);
#1031=VECTOR('',#3723,10.);
#1032=VECTOR('',#3726,10.);
#1033=VECTOR('',#3727,10.);
#1034=VECTOR('',#3730,10.);
#1035=VECTOR('',#3733,10.);
#1036=VECTOR('',#3734,10.);
#1037=VECTOR('',#3735,10.);
#1038=VECTOR('',#3736,10.);
#1039=VECTOR('',#3739,10.);
#1040=VECTOR('',#3740,10.);
#1041=VECTOR('',#3741,10.);
#1042=VECTOR('',#3742,10.);
#1043=VECTOR('',#3743,10.);
#1044=VECTOR('',#3746,10.);
#1045=VECTOR('',#3747,10.);
#1046=VECTOR('',#3748,10.);
#1047=VECTOR('',#3751,10.);
#1048=VECTOR('',#3752,10.);
#1049=VECTOR('',#3755,10.);
#1050=VECTOR('',#3756,10.);
#1051=VECTOR('',#3759,10.);
#1052=VECTOR('',#3762,10.);
#1053=VECTOR('',#3763,10.);
#1054=VECTOR('',#3764,10.);
#1055=VECTOR('',#3765,10.);
#1056=VECTOR('',#3768,10.);
#1057=VECTOR('',#3769,10.);
#1058=VECTOR('',#3770,10.);
#1059=VECTOR('',#3773,10.);
#1060=VECTOR('',#3774,10.);
#1061=VECTOR('',#3775,10.);
#1062=VECTOR('',#3778,10.);
#1063=VECTOR('',#3779,10.);
#1064=VECTOR('',#3786,1.60000000000001);
#1065=VECTOR('',#3793,10.);
#1066=VECTOR('',#3794,10.);
#1067=VECTOR('',#3797,10.);
#1068=VECTOR('',#3800,10.);
#1069=VECTOR('',#3805,10.);
#1070=VECTOR('',#3806,10.);
#1071=VECTOR('',#3807,10.);
#1072=VECTOR('',#3810,10.);
#1073=VECTOR('',#3813,10.);
#1074=VECTOR('',#3816,10.);
#1075=VECTOR('',#3819,10.);
#1076=VECTOR('',#3822,10.);
#1077=VECTOR('',#3823,10.);
#1078=VECTOR('',#3826,10.);
#1079=VECTOR('',#3827,10.);
#1080=VECTOR('',#3830,10.);
#1081=VECTOR('',#3833,10.);
#1082=VECTOR('',#3834,10.);
#1083=VECTOR('',#3837,1.05);
#1084=VECTOR('',#3844,10.);
#1085=VECTOR('',#3861,10.);
#1086=VECTOR('',#3862,10.);
#1087=VECTOR('',#3863,10.);
#1088=VECTOR('',#3864,10.);
#1089=VECTOR('',#3875,10.);
#1090=VECTOR('',#3876,10.);
#1091=VECTOR('',#3877,10.);
#1092=VECTOR('',#3878,10.);
#1093=VECTOR('',#3883,10.);
#1094=VECTOR('',#3884,10.);
#1095=VECTOR('',#3885,10.);
#1096=VECTOR('',#3886,10.);
#1097=VECTOR('',#3891,10.);
#1098=VECTOR('',#3892,10.);
#1099=VECTOR('',#3897,10.);
#1100=VECTOR('',#3898,10.);
#1101=VECTOR('',#3909,10.);
#1102=VECTOR('',#3910,10.);
#1103=VECTOR('',#3915,1.00000001490116);
#1104=VECTOR('',#3922,0.999999999999996);
#1105=VECTOR('',#3929,1.00000001490116);
#1106=VECTOR('',#3938,1.);
#1107=VECTOR('',#3945,10.);
#1108=VECTOR('',#3946,10.);
#1109=VECTOR('',#3947,10.);
#1110=VECTOR('',#3950,10.);
#1111=VECTOR('',#3951,10.);
#1112=VECTOR('',#3952,10.);
#1113=VECTOR('',#3953,10.);
#1114=VECTOR('',#3954,10.);
#1115=VECTOR('',#3955,10.);
#1116=VECTOR('',#3962,10.);
#1117=VECTOR('',#3963,10.);
#1118=VECTOR('',#3964,10.);
#1119=VECTOR('',#3965,10.);
#1120=VECTOR('',#3968,10.);
#1121=VECTOR('',#3969,10.);
#1122=VECTOR('',#3972,10.);
#1123=VECTOR('',#3975,10.);
#1124=VECTOR('',#3990,10.);
#1125=VECTOR('',#3991,10.);
#1126=VECTOR('',#4004,10.);
#1127=VECTOR('',#4005,10.);
#1128=VECTOR('',#4006,10.);
#1129=VECTOR('',#4007,10.);
#1130=VECTOR('',#4010,10.);
#1131=VECTOR('',#4011,10.);
#1132=VECTOR('',#4012,10.);
#1133=VECTOR('',#4013,10.);
#1134=VECTOR('',#4018,10.);
#1135=VECTOR('',#4019,10.);
#1136=VECTOR('',#4024,10.);
#1137=VECTOR('',#4025,10.);
#1138=VECTOR('',#4026,10.);
#1139=VECTOR('',#4027,10.);
#1140=VECTOR('',#4030,10.);
#1141=VECTOR('',#4031,10.);
#1142=VECTOR('',#4034,10.);
#1143=VECTOR('',#4037,10.);
#1144=VECTOR('',#4038,10.);
#1145=VECTOR('',#4047,10.);
#1146=VECTOR('',#4050,10.);
#1147=VECTOR('',#4053,10.);
#1148=VECTOR('',#4056,10.);
#1149=VECTOR('',#4061,10.);
#1150=VECTOR('',#4074,10.);
#1151=VECTOR('',#4075,10.);
#1152=VECTOR('',#4078,10.);
#1153=VECTOR('',#4079,10.);
#1154=VECTOR('',#4084,10.);
#1155=VECTOR('',#4085,10.);
#1156=VECTOR('',#4088,10.);
#1157=VECTOR('',#4093,10.);
#1158=VECTOR('',#4094,10.);
#1159=VECTOR('',#4097,10.);
#1160=VECTOR('',#4102,10.);
#1161=VECTOR('',#4105,10.);
#1162=VECTOR('',#4108,1.00000001490116);
#1163=VECTOR('',#4113,0.999999999999996);
#1164=VECTOR('',#4118,1.00000001490116);
#1165=VECTOR('',#4125,1.);
#1166=VECTOR('',#4132,10.);
#1167=VECTOR('',#4137,10.);
#1168=VECTOR('',#4138,10.);
#1169=VECTOR('',#4139,10.);
#1170=VECTOR('',#4140,10.);
#1171=VECTOR('',#4145,10.);
#1172=VECTOR('',#4162,10.);
#1173=VECTOR('',#4167,10.);
#1174=VECTOR('',#4168,10.);
#1175=VECTOR('',#4169,10.);
#1176=VECTOR('',#4170,10.);
#1177=VECTOR('',#4173,10.);
#1178=VECTOR('',#4174,10.);
#1179=VECTOR('',#4175,10.);
#1180=VECTOR('',#4178,10.);
#1181=VECTOR('',#4179,10.);
#1182=VECTOR('',#4180,10.);
#1183=VECTOR('',#4181,10.);
#1184=VECTOR('',#4184,10.);
#1185=VECTOR('',#4185,10.);
#1186=VECTOR('',#4188,10.);
#1187=VECTOR('',#4189,10.);
#1188=VECTOR('',#4190,1000.);
#1189=VECTOR('',#4191,10.);
#1190=VECTOR('',#4194,1000.);
#1191=VECTOR('',#4205,1000.);
#1192=VECTOR('',#4208,1000.);
#1193=VECTOR('',#4213,1000.);
#1194=VECTOR('',#4220,1000.);
#1195=VECTOR('',#4223,1000.);
#1196=VECTOR('',#4224,10.);
#1197=VECTOR('',#4225,10.);
#1198=VECTOR('',#4234,10.);
#1199=VECTOR('',#4235,10.);
#1200=VECTOR('',#4236,10.);
#1201=VECTOR('',#4239,10.);
#1202=VECTOR('',#4240,10.);
#1203=VECTOR('',#4243,10.);
#1204=VECTOR('',#4244,10.);
#1205=VECTOR('',#4245,10.);
#1206=VECTOR('',#4250,1.);
#1207=VECTOR('',#4255,0.899998200000002);
#1208=VECTOR('',#4260,1.00000054);
#1209=VECTOR('',#4265,10.);
#1210=VECTOR('',#4266,10.);
#1211=VECTOR('',#4271,10.);
#1212=VECTOR('',#4274,10.);
#1213=VECTOR('',#4275,10.);
#1214=VECTOR('',#4278,10.);
#1215=VECTOR('',#4281,10.);
#1216=VECTOR('',#4282,10.);
#1217=VECTOR('',#4283,10.);
#1218=VECTOR('',#4288,10.);
#1219=VECTOR('',#4291,10.);
#1220=VECTOR('',#4292,10.);
#1221=VECTOR('',#4297,10.);
#1222=VECTOR('',#4302,10.);
#1223=VECTOR('',#4307,10.);
#1224=VECTOR('',#4310,10.);
#1225=VECTOR('',#4311,10.);
#1226=VECTOR('',#4316,10.);
#1227=VECTOR('',#4321,10.);
#1228=VECTOR('',#4324,10.);
#1229=VECTOR('',#4325,10.);
#1230=VECTOR('',#4330,10.);
#1231=VECTOR('',#4333,10.);
#1232=VECTOR('',#4334,10.);
#1233=VECTOR('',#4339,10.);
#1234=VECTOR('',#4344,10.);
#1235=VECTOR('',#4351,10.);
#1236=VECTOR('',#4356,10.);
#1237=VECTOR('',#4359,10.);
#1238=VECTOR('',#4360,10.);
#1239=VECTOR('',#4363,10.);
#1240=VECTOR('',#4368,10.);
#1241=VECTOR('',#4369,10.);
#1242=VECTOR('',#4370,10.);
#1243=VECTOR('',#4371,10.);
#1244=VECTOR('',#4374,10.);
#1245=VECTOR('',#4375,10.);
#1246=VECTOR('',#4376,10.);
#1247=VECTOR('',#4379,10.);
#1248=VECTOR('',#4380,1000.);
#1249=VECTOR('',#4381,10.);
#1250=VECTOR('',#4382,10.);
#1251=VECTOR('',#4385,10.);
#1252=VECTOR('',#4386,10.);
#1253=VECTOR('',#4389,10.);
#1254=VECTOR('',#4390,10.);
#1255=VECTOR('',#4395,0.8999982);
#1256=VECTOR('',#4400,10.);
#1257=VECTOR('',#4401,10.);
#1258=VECTOR('',#4404,10.);
#1259=VECTOR('',#4411,10.);
#1260=VECTOR('',#4414,10.);
#1261=VECTOR('',#4417,10.);
#1262=VECTOR('',#4418,10.);
#1263=VECTOR('',#4419,10.);
#1264=VECTOR('',#4422,10.);
#1265=VECTOR('',#4423,10.);
#1266=VECTOR('',#4424,10.);
#1267=VECTOR('',#4429,10.);
#1268=VECTOR('',#4434,10.);
#1269=VECTOR('',#4435,10.);
#1270=VECTOR('',#4438,10.);
#1271=VECTOR('',#4439,10.);
#1272=VECTOR('',#4442,10.);
#1273=VECTOR('',#4449,10.);
#1274=VECTOR('',#4452,10.);
#1275=VECTOR('',#4455,10.);
#1276=VECTOR('',#4456,10.);
#1277=VECTOR('',#4457,10.);
#1278=VECTOR('',#4460,10.);
#1279=VECTOR('',#4461,10.);
#1280=VECTOR('',#4462,10.);
#1281=VECTOR('',#4469,10.);
#1282=VECTOR('',#4472,10.);
#1283=VECTOR('',#4473,10.);
#1284=VECTOR('',#4474,10.);
#1285=VECTOR('',#4477,10.);
#1286=VECTOR('',#4480,10.);
#1287=VERTEX_POINT('',#4485);
#1288=VERTEX_POINT('',#4486);
#1289=VERTEX_POINT('',#4488);
#1290=VERTEX_POINT('',#4490);
#1291=VERTEX_POINT('',#4492);
#1292=VERTEX_POINT('',#4494);
#1293=VERTEX_POINT('',#4498);
#1294=VERTEX_POINT('',#4500);
#1295=VERTEX_POINT('',#4502);
#1296=VERTEX_POINT('',#4504);
#1297=VERTEX_POINT('',#4506);
#1298=VERTEX_POINT('',#4508);
#1299=VERTEX_POINT('',#4510);
#1300=VERTEX_POINT('',#4512);
#1301=VERTEX_POINT('',#4516);
#1302=VERTEX_POINT('',#4518);
#1303=VERTEX_POINT('',#4522);
#1304=VERTEX_POINT('',#4524);
#1305=VERTEX_POINT('',#4526);
#1306=VERTEX_POINT('',#4528);
#1307=VERTEX_POINT('',#4532);
#1308=VERTEX_POINT('',#4536);
#1309=VERTEX_POINT('',#4538);
#1310=VERTEX_POINT('',#4542);
#1311=VERTEX_POINT('',#4544);
#1312=VERTEX_POINT('',#4546);
#1313=VERTEX_POINT('',#4550);
#1314=VERTEX_POINT('',#4553);
#1315=VERTEX_POINT('',#4555);
#1316=VERTEX_POINT('',#4557);
#1317=VERTEX_POINT('',#4559);
#1318=VERTEX_POINT('',#4563);
#1319=VERTEX_POINT('',#4565);
#1320=VERTEX_POINT('',#4567);
#1321=VERTEX_POINT('',#4569);
#1322=VERTEX_POINT('',#4571);
#1323=VERTEX_POINT('',#4573);
#1324=VERTEX_POINT('',#4575);
#1325=VERTEX_POINT('',#4580);
#1326=VERTEX_POINT('',#4584);
#1327=VERTEX_POINT('',#4588);
#1328=VERTEX_POINT('',#4589);
#1329=VERTEX_POINT('',#4591);
#1330=VERTEX_POINT('',#4593);
#1331=VERTEX_POINT('',#4597);
#1332=VERTEX_POINT('',#4599);
#1333=VERTEX_POINT('',#4601);
#1334=VERTEX_POINT('',#4603);
#1335=VERTEX_POINT('',#4606);
#1336=VERTEX_POINT('',#4607);
#1337=VERTEX_POINT('',#4609);
#1338=VERTEX_POINT('',#4611);
#1339=VERTEX_POINT('',#4614);
#1340=VERTEX_POINT('',#4616);
#1341=VERTEX_POINT('',#4618);
#1342=VERTEX_POINT('',#4620);
#1343=VERTEX_POINT('',#4623);
#1344=VERTEX_POINT('',#4626);
#1345=VERTEX_POINT('',#4627);
#1346=VERTEX_POINT('',#4629);
#1347=VERTEX_POINT('',#4631);
#1348=VERTEX_POINT('',#4635);
#1349=VERTEX_POINT('',#4639);
#1350=VERTEX_POINT('',#4641);
#1351=VERTEX_POINT('',#4643);
#1352=VERTEX_POINT('',#4645);
#1353=VERTEX_POINT('',#4647);
#1354=VERTEX_POINT('',#4651);
#1355=VERTEX_POINT('',#4653);
#1356=VERTEX_POINT('',#4656);
#1357=VERTEX_POINT('',#4659);
#1358=VERTEX_POINT('',#4663);
#1359=VERTEX_POINT('',#4665);
#1360=VERTEX_POINT('',#4667);
#1361=VERTEX_POINT('',#4669);
#1362=VERTEX_POINT('',#4671);
#1363=VERTEX_POINT('',#4675);
#1364=VERTEX_POINT('',#4677);
#1365=VERTEX_POINT('',#4680);
#1366=VERTEX_POINT('',#4683);
#1367=VERTEX_POINT('',#4685);
#1368=VERTEX_POINT('',#4695);
#1369=VERTEX_POINT('',#4701);
#1370=VERTEX_POINT('',#4702);
#1371=VERTEX_POINT('',#4704);
#1372=VERTEX_POINT('',#4706);
#1373=VERTEX_POINT('',#4710);
#1374=VERTEX_POINT('',#4712);
#1375=VERTEX_POINT('',#4716);
#1376=VERTEX_POINT('',#4720);
#1377=VERTEX_POINT('',#4726);
#1378=VERTEX_POINT('',#4727);
#1379=VERTEX_POINT('',#4729);
#1380=VERTEX_POINT('',#4731);
#1381=VERTEX_POINT('',#4735);
#1382=VERTEX_POINT('',#4737);
#1383=VERTEX_POINT('',#4741);
#1384=VERTEX_POINT('',#4743);
#1385=VERTEX_POINT('',#4751);
#1386=VERTEX_POINT('',#4753);
#1387=VERTEX_POINT('',#4766);
#1388=VERTEX_POINT('',#4768);
#1389=VERTEX_POINT('',#4780);
#1390=VERTEX_POINT('',#4784);
#1391=VERTEX_POINT('',#4790);
#1392=VERTEX_POINT('',#4794);
#1393=VERTEX_POINT('',#4803);
#1394=VERTEX_POINT('',#4804);
#1395=VERTEX_POINT('',#4806);
#1396=VERTEX_POINT('',#4810);
#1397=VERTEX_POINT('',#4811);
#1398=VERTEX_POINT('',#4813);
#1399=VERTEX_POINT('',#4815);
#1400=VERTEX_POINT('',#4820);
#1401=VERTEX_POINT('',#4821);
#1402=VERTEX_POINT('',#4823);
#1403=VERTEX_POINT('',#4827);
#1404=VERTEX_POINT('',#4829);
#1405=VERTEX_POINT('',#4834);
#1406=VERTEX_POINT('',#4835);
#1407=VERTEX_POINT('',#4838);
#1408=VERTEX_POINT('',#4840);
#1409=VERTEX_POINT('',#4844);
#1410=VERTEX_POINT('',#4845);
#1411=VERTEX_POINT('',#4850);
#1412=VERTEX_POINT('',#4851);
#1413=VERTEX_POINT('',#4860);
#1414=VERTEX_POINT('',#4864);
#1415=VERTEX_POINT('',#4869);
#1416=VERTEX_POINT('',#4874);
#1417=VERTEX_POINT('',#4876);
#1418=VERTEX_POINT('',#4881);
#1419=VERTEX_POINT('',#4883);
#1420=VERTEX_POINT('',#4889);
#1421=VERTEX_POINT('',#4895);
#1422=VERTEX_POINT('',#4896);
#1423=VERTEX_POINT('',#4898);
#1424=VERTEX_POINT('',#4900);
#1425=VERTEX_POINT('',#4906);
#1426=VERTEX_POINT('',#4907);
#1427=VERTEX_POINT('',#4909);
#1428=VERTEX_POINT('',#4911);
#1429=VERTEX_POINT('',#4923);
#1430=VERTEX_POINT('',#4924);
#1431=VERTEX_POINT('',#4926);
#1432=VERTEX_POINT('',#4930);
#1433=VERTEX_POINT('',#4931);
#1434=VERTEX_POINT('',#4936);
#1435=VERTEX_POINT('',#4937);
#1436=VERTEX_POINT('',#4939);
#1437=VERTEX_POINT('',#4943);
#1438=VERTEX_POINT('',#4944);
#1439=VERTEX_POINT('',#4946);
#1440=VERTEX_POINT('',#4948);
#1441=VERTEX_POINT('',#4954);
#1442=VERTEX_POINT('',#4956);
#1443=VERTEX_POINT('',#4960);
#1444=VERTEX_POINT('',#4961);
#1445=VERTEX_POINT('',#4966);
#1446=VERTEX_POINT('',#4967);
#1447=VERTEX_POINT('',#4970);
#1448=VERTEX_POINT('',#4972);
#1449=VERTEX_POINT('',#4976);
#1450=VERTEX_POINT('',#4982);
#1451=VERTEX_POINT('',#4985);
#1452=VERTEX_POINT('',#4987);
#1453=VERTEX_POINT('',#4989);
#1454=VERTEX_POINT('',#4991);
#1455=VERTEX_POINT('',#4993);
#1456=VERTEX_POINT('',#4994);
#1457=VERTEX_POINT('',#4996);
#1458=VERTEX_POINT('',#4998);
#1459=VERTEX_POINT('',#5000);
#1460=VERTEX_POINT('',#5002);
#1461=VERTEX_POINT('',#5004);
#1462=VERTEX_POINT('',#5006);
#1463=VERTEX_POINT('',#5016);
#1464=VERTEX_POINT('',#5017);
#1465=VERTEX_POINT('',#5022);
#1466=VERTEX_POINT('',#5026);
#1467=VERTEX_POINT('',#5027);
#1468=VERTEX_POINT('',#5034);
#1469=VERTEX_POINT('',#5035);
#1470=VERTEX_POINT('',#5042);
#1471=VERTEX_POINT('',#5054);
#1472=VERTEX_POINT('',#5059);
#1473=VERTEX_POINT('',#5067);
#1474=VERTEX_POINT('',#5068);
#1475=VERTEX_POINT('',#5070);
#1476=VERTEX_POINT('',#5072);
#1477=VERTEX_POINT('',#5076);
#1478=VERTEX_POINT('',#5078);
#1479=VERTEX_POINT('',#5082);
#1480=VERTEX_POINT('',#5086);
#1481=VERTEX_POINT('',#5093);
#1482=VERTEX_POINT('',#5094);
#1483=VERTEX_POINT('',#5096);
#1484=VERTEX_POINT('',#5098);
#1485=VERTEX_POINT('',#5102);
#1486=VERTEX_POINT('',#5104);
#1487=VERTEX_POINT('',#5108);
#1488=VERTEX_POINT('',#5109);
#1489=VERTEX_POINT('',#5111);
#1490=VERTEX_POINT('',#5113);
#1491=VERTEX_POINT('',#5120);
#1492=VERTEX_POINT('',#5122);
#1493=VERTEX_POINT('',#5124);
#1494=VERTEX_POINT('',#5126);
#1495=VERTEX_POINT('',#5128);
#1496=VERTEX_POINT('',#5130);
#1497=VERTEX_POINT('',#5132);
#1498=VERTEX_POINT('',#5134);
#1499=VERTEX_POINT('',#5136);
#1500=VERTEX_POINT('',#5138);
#1501=VERTEX_POINT('',#5140);
#1502=VERTEX_POINT('',#5142);
#1503=VERTEX_POINT('',#5144);
#1504=VERTEX_POINT('',#5146);
#1505=VERTEX_POINT('',#5148);
#1506=VERTEX_POINT('',#5150);
#1507=VERTEX_POINT('',#5152);
#1508=VERTEX_POINT('',#5154);
#1509=VERTEX_POINT('',#5156);
#1510=VERTEX_POINT('',#5158);
#1511=VERTEX_POINT('',#5160);
#1512=VERTEX_POINT('',#5162);
#1513=VERTEX_POINT('',#5164);
#1514=VERTEX_POINT('',#5166);
#1515=VERTEX_POINT('',#5169);
#1516=VERTEX_POINT('',#5171);
#1517=VERTEX_POINT('',#5173);
#1518=VERTEX_POINT('',#5176);
#1519=VERTEX_POINT('',#5178);
#1520=VERTEX_POINT('',#5182);
#1521=VERTEX_POINT('',#5186);
#1522=VERTEX_POINT('',#5188);
#1523=VERTEX_POINT('',#5192);
#1524=VERTEX_POINT('',#5196);
#1525=VERTEX_POINT('',#5200);
#1526=VERTEX_POINT('',#5204);
#1527=VERTEX_POINT('',#5205);
#1528=VERTEX_POINT('',#5210);
#1529=VERTEX_POINT('',#5214);
#1530=VERTEX_POINT('',#5220);
#1531=VERTEX_POINT('',#5222);
#1532=VERTEX_POINT('',#5226);
#1533=VERTEX_POINT('',#5230);
#1534=VERTEX_POINT('',#5234);
#1535=VERTEX_POINT('',#5238);
#1536=VERTEX_POINT('',#5242);
#1537=VERTEX_POINT('',#5246);
#1538=VERTEX_POINT('',#5250);
#1539=VERTEX_POINT('',#5254);
#1540=VERTEX_POINT('',#5258);
#1541=VERTEX_POINT('',#5262);
#1542=VERTEX_POINT('',#5266);
#1543=VERTEX_POINT('',#5270);
#1544=VERTEX_POINT('',#5274);
#1545=VERTEX_POINT('',#5280);
#1546=VERTEX_POINT('',#5286);
#1547=VERTEX_POINT('',#5293);
#1548=VERTEX_POINT('',#5294);
#1549=VERTEX_POINT('',#5296);
#1550=VERTEX_POINT('',#5298);
#1551=VERTEX_POINT('',#5302);
#1552=VERTEX_POINT('',#5303);
#1553=VERTEX_POINT('',#5308);
#1554=VERTEX_POINT('',#5309);
#1555=VERTEX_POINT('',#5311);
#1556=VERTEX_POINT('',#5313);
#1557=VERTEX_POINT('',#5320);
#1558=VERTEX_POINT('',#5323);
#1559=VERTEX_POINT('',#5326);
#1560=VERTEX_POINT('',#5330);
#1561=VERTEX_POINT('',#5337);
#1562=VERTEX_POINT('',#5338);
#1563=VERTEX_POINT('',#5340);
#1564=VERTEX_POINT('',#5342);
#1565=VERTEX_POINT('',#5346);
#1566=VERTEX_POINT('',#5348);
#1567=VERTEX_POINT('',#5352);
#1568=VERTEX_POINT('',#5354);
#1569=VERTEX_POINT('',#5356);
#1570=VERTEX_POINT('',#5360);
#1571=VERTEX_POINT('',#5364);
#1572=VERTEX_POINT('',#5368);
#1573=VERTEX_POINT('',#5375);
#1574=VERTEX_POINT('',#5376);
#1575=VERTEX_POINT('',#5378);
#1576=VERTEX_POINT('',#5380);
#1577=VERTEX_POINT('',#5384);
#1578=VERTEX_POINT('',#5386);
#1579=VERTEX_POINT('',#5390);
#1580=VERTEX_POINT('',#5392);
#1581=VERTEX_POINT('',#5394);
#1582=VERTEX_POINT('',#5398);
#1583=VERTEX_POINT('',#5402);
#1584=VERTEX_POINT('',#5404);
#1585=EDGE_CURVE('',#1287,#1288,#621,.T.);
#1586=EDGE_CURVE('',#1289,#1287,#622,.T.);
#1587=EDGE_CURVE('',#1290,#1289,#623,.T.);
#1588=EDGE_CURVE('',#1291,#1290,#624,.T.);
#1589=EDGE_CURVE('',#1292,#1291,#625,.T.);
#1590=EDGE_CURVE('',#1288,#1292,#626,.T.);
#1591=EDGE_CURVE('',#1293,#1291,#627,.T.);
#1592=EDGE_CURVE('',#1290,#1294,#628,.T.);
#1593=EDGE_CURVE('',#1295,#1294,#629,.T.);
#1594=EDGE_CURVE('',#1296,#1295,#630,.T.);
#1595=EDGE_CURVE('',#1297,#1296,#631,.T.);
#1596=EDGE_CURVE('',#1297,#1298,#632,.T.);
#1597=EDGE_CURVE('',#1298,#1299,#633,.T.);
#1598=EDGE_CURVE('',#1299,#1300,#634,.T.);
#1599=EDGE_CURVE('',#1300,#1293,#635,.T.);
#1600=EDGE_CURVE('',#1301,#1292,#636,.T.);
#1601=EDGE_CURVE('',#1302,#1301,#637,.T.);
#1602=EDGE_CURVE('',#1288,#1302,#638,.T.);
#1603=EDGE_CURVE('',#1303,#1302,#639,.T.);
#1604=EDGE_CURVE('',#1304,#1303,#640,.T.);
#1605=EDGE_CURVE('',#1304,#1305,#125,.T.);
#1606=EDGE_CURVE('',#1306,#1305,#641,.T.);
#1607=EDGE_CURVE('',#1306,#1287,#642,.T.);
#1608=EDGE_CURVE('',#1307,#1301,#643,.T.);
#1609=EDGE_CURVE('',#1303,#1307,#644,.T.);
#1610=EDGE_CURVE('',#1308,#1296,#645,.T.);
#1611=EDGE_CURVE('',#1309,#1308,#646,.T.);
#1612=EDGE_CURVE('',#1297,#1309,#647,.T.);
#1613=EDGE_CURVE('',#1310,#1295,#648,.T.);
#1614=EDGE_CURVE('',#1311,#1310,#649,.T.);
#1615=EDGE_CURVE('',#1312,#1311,#650,.T.);
#1616=EDGE_CURVE('',#1312,#1308,#651,.T.);
#1617=EDGE_CURVE('',#1313,#1294,#652,.T.);
#1618=EDGE_CURVE('',#1313,#1306,#653,.T.);
#1619=EDGE_CURVE('',#1305,#1314,#654,.T.);
#1620=EDGE_CURVE('',#1315,#1314,#655,.T.);
#1621=EDGE_CURVE('',#1315,#1316,#656,.T.);
#1622=EDGE_CURVE('',#1316,#1317,#657,.T.);
#1623=EDGE_CURVE('',#1317,#1310,#658,.T.);
#1624=EDGE_CURVE('',#1309,#1318,#659,.T.);
#1625=EDGE_CURVE('',#1319,#1318,#660,.T.);
#1626=EDGE_CURVE('',#1320,#1319,#661,.T.);
#1627=EDGE_CURVE('',#1320,#1321,#126,.T.);
#1628=EDGE_CURVE('',#1322,#1321,#662,.T.);
#1629=EDGE_CURVE('',#1322,#1323,#127,.T.);
#1630=EDGE_CURVE('',#1324,#1323,#663,.T.);
#1631=EDGE_CURVE('',#1298,#1324,#664,.T.);
#1632=EDGE_CURVE('',#1289,#1313,#665,.T.);
#1633=EDGE_CURVE('',#1325,#1325,#128,.T.);
#1634=EDGE_CURVE('',#1326,#1324,#666,.T.);
#1635=EDGE_CURVE('',#1326,#1299,#667,.T.);
#1636=EDGE_CURVE('',#1327,#1328,#129,.T.);
#1637=EDGE_CURVE('',#1328,#1329,#668,.T.);
#1638=EDGE_CURVE('',#1329,#1330,#130,.T.);
#1639=EDGE_CURVE('',#1330,#1327,#669,.T.);
#1640=EDGE_CURVE('',#1327,#1331,#670,.T.);
#1641=EDGE_CURVE('',#1332,#1331,#131,.T.);
#1642=EDGE_CURVE('',#1332,#1333,#671,.T.);
#1643=EDGE_CURVE('',#1333,#1334,#672,.T.);
#1644=EDGE_CURVE('',#1334,#1328,#673,.T.);
#1645=EDGE_CURVE('',#1335,#1336,#674,.T.);
#1646=EDGE_CURVE('',#1337,#1335,#675,.T.);
#1647=EDGE_CURVE('',#1338,#1337,#676,.T.);
#1648=EDGE_CURVE('',#1336,#1338,#677,.T.);
#1649=EDGE_CURVE('',#1339,#1339,#132,.T.);
#1650=EDGE_CURVE('',#1340,#1340,#133,.T.);
#1651=EDGE_CURVE('',#1341,#1341,#134,.T.);
#1652=EDGE_CURVE('',#1342,#1342,#135,.T.);
#1653=EDGE_CURVE('',#1343,#1330,#678,.T.);
#1654=EDGE_CURVE('',#1331,#1343,#679,.T.);
#1655=EDGE_CURVE('',#1344,#1345,#680,.T.);
#1656=EDGE_CURVE('',#1345,#1346,#681,.T.);
#1657=EDGE_CURVE('',#1346,#1347,#682,.T.);
#1658=EDGE_CURVE('',#1347,#1344,#683,.T.);
#1659=EDGE_CURVE('',#1343,#1348,#136,.T.);
#1660=EDGE_CURVE('',#1348,#1332,#684,.T.);
#1661=EDGE_CURVE('',#1342,#1349,#685,.T.);
#1662=EDGE_CURVE('',#1350,#1349,#137,.T.);
#1663=EDGE_CURVE('',#1351,#1350,#686,.T.);
#1664=EDGE_CURVE('',#1352,#1351,#138,.T.);
#1665=EDGE_CURVE('',#1353,#1352,#687,.T.);
#1666=EDGE_CURVE('',#1349,#1353,#139,.T.);
#1667=EDGE_CURVE('',#1341,#1354,#688,.T.);
#1668=EDGE_CURVE('',#1355,#1354,#140,.T.);
#1669=EDGE_CURVE('',#1323,#1355,#689,.T.);
#1670=EDGE_CURVE('',#1356,#1322,#690,.T.);
#1671=EDGE_CURVE('',#1354,#1356,#141,.T.);
#1672=EDGE_CURVE('',#1357,#1304,#691,.T.);
#1673=EDGE_CURVE('',#1314,#1357,#142,.T.);
#1674=EDGE_CURVE('',#1340,#1358,#692,.T.);
#1675=EDGE_CURVE('',#1359,#1358,#143,.T.);
#1676=EDGE_CURVE('',#1360,#1359,#693,.T.);
#1677=EDGE_CURVE('',#1361,#1360,#144,.T.);
#1678=EDGE_CURVE('',#1362,#1361,#694,.T.);
#1679=EDGE_CURVE('',#1358,#1362,#145,.T.);
#1680=EDGE_CURVE('',#1339,#1363,#695,.T.);
#1681=EDGE_CURVE('',#1364,#1363,#146,.T.);
#1682=EDGE_CURVE('',#1321,#1364,#696,.T.);
#1683=EDGE_CURVE('',#1365,#1320,#697,.T.);
#1684=EDGE_CURVE('',#1363,#1365,#147,.T.);
#1685=EDGE_CURVE('',#1316,#1366,#148,.T.);
#1686=EDGE_CURVE('',#1367,#1315,#149,.T.);
#1687=EDGE_CURVE('',#1366,#1367,#698,.T.);
#1688=EDGE_CURVE('',#1350,#1362,#699,.T.);
#1689=EDGE_CURVE('',#1351,#1361,#700,.T.);
#1690=EDGE_CURVE('',#1364,#1356,#701,.T.);
#1691=EDGE_CURVE('',#1359,#1365,#702,.T.);
#1692=EDGE_CURVE('',#1319,#1368,#703,.T.);
#1693=EDGE_CURVE('',#1368,#1366,#704,.T.);
#1694=EDGE_CURVE('',#1360,#1367,#705,.T.);
#1695=EDGE_CURVE('',#1357,#1352,#706,.T.);
#1696=EDGE_CURVE('',#1369,#1370,#707,.T.);
#1697=EDGE_CURVE('',#1371,#1369,#708,.T.);
#1698=EDGE_CURVE('',#1372,#1371,#709,.T.);
#1699=EDGE_CURVE('',#1370,#1372,#710,.T.);
#1700=EDGE_CURVE('',#1373,#1346,#711,.T.);
#1701=EDGE_CURVE('',#1374,#1373,#712,.T.);
#1702=EDGE_CURVE('',#1374,#1347,#713,.T.);
#1703=EDGE_CURVE('',#1375,#1374,#714,.T.);
#1704=EDGE_CURVE('',#1375,#1344,#715,.T.);
#1705=EDGE_CURVE('',#1376,#1375,#716,.T.);
#1706=EDGE_CURVE('',#1376,#1345,#717,.T.);
#1707=EDGE_CURVE('',#1373,#1376,#718,.T.);
#1708=EDGE_CURVE('',#1377,#1378,#719,.T.);
#1709=EDGE_CURVE('',#1377,#1379,#720,.T.);
#1710=EDGE_CURVE('',#1379,#1380,#721,.T.);
#1711=EDGE_CURVE('',#1378,#1380,#722,.T.);
#1712=EDGE_CURVE('',#1381,#1377,#723,.T.);
#1713=EDGE_CURVE('',#1381,#1382,#724,.T.);
#1714=EDGE_CURVE('',#1382,#1379,#725,.T.);
#1715=EDGE_CURVE('',#1383,#1381,#726,.T.);
#1716=EDGE_CURVE('',#1383,#1384,#727,.T.);
#1717=EDGE_CURVE('',#1384,#1382,#728,.T.);
#1718=EDGE_CURVE('',#1378,#1383,#729,.T.);
#1719=EDGE_CURVE('',#1380,#1384,#730,.T.);
#1720=EDGE_CURVE('',#1385,#1385,#150,.T.);
#1721=EDGE_CURVE('',#1385,#1386,#731,.T.);
#1722=EDGE_CURVE('',#1386,#1386,#151,.T.);
#1723=EDGE_CURVE('',#1369,#1338,#732,.T.);
#1724=EDGE_CURVE('',#1336,#1370,#733,.T.);
#1725=EDGE_CURVE('',#1372,#1335,#734,.T.);
#1726=EDGE_CURVE('',#1371,#1337,#735,.T.);
#1727=EDGE_CURVE('',#1387,#1333,#736,.T.);
#1728=EDGE_CURVE('',#1388,#1387,#737,.T.);
#1729=EDGE_CURVE('',#1334,#1388,#738,.T.);
#1730=EDGE_CURVE('',#1329,#1388,#739,.T.);
#1731=EDGE_CURVE('',#1387,#1348,#740,.T.);
#1732=EDGE_CURVE('',#1355,#1353,#741,.T.);
#1733=EDGE_CURVE('',#1318,#1312,#742,.T.);
#1734=EDGE_CURVE('',#1389,#1293,#743,.T.);
#1735=EDGE_CURVE('',#1307,#1389,#744,.T.);
#1736=EDGE_CURVE('',#1300,#1390,#745,.T.);
#1737=EDGE_CURVE('',#1389,#1390,#746,.T.);
#1738=EDGE_CURVE('',#1390,#1326,#747,.T.);
#1739=EDGE_CURVE('',#1391,#1311,#748,.T.);
#1740=EDGE_CURVE('',#1391,#1368,#749,.T.);
#1741=EDGE_CURVE('',#1325,#1392,#750,.T.);
#1742=EDGE_CURVE('',#1392,#1392,#152,.T.);
#1743=EDGE_CURVE('',#1391,#1317,#751,.T.);
#1744=EDGE_CURVE('',#1393,#1394,#153,.F.);
#1745=EDGE_CURVE('',#1395,#1393,#154,.F.);
#1746=EDGE_CURVE('',#1394,#1395,#155,.F.);
#1747=EDGE_CURVE('',#1396,#1397,#156,.T.);
#1748=EDGE_CURVE('',#1397,#1398,#752,.T.);
#1749=EDGE_CURVE('',#1398,#1399,#753,.T.);
#1750=EDGE_CURVE('',#1399,#1395,#754,.T.);
#1751=EDGE_CURVE('',#1393,#1396,#755,.T.);
#1752=EDGE_CURVE('',#1400,#1401,#157,.F.);
#1753=EDGE_CURVE('',#1402,#1400,#158,.F.);
#1754=EDGE_CURVE('',#1401,#1402,#159,.F.);
#1755=EDGE_CURVE('',#1395,#1403,#756,.T.);
#1756=EDGE_CURVE('',#1403,#1404,#757,.T.);
#1757=EDGE_CURVE('',#1404,#1402,#758,.T.);
#1758=EDGE_CURVE('',#1400,#1394,#759,.T.);
#1759=EDGE_CURVE('',#1405,#1406,#160,.T.);
#1760=EDGE_CURVE('',#1406,#1401,#760,.T.);
#1761=EDGE_CURVE('',#1402,#1407,#761,.T.);
#1762=EDGE_CURVE('',#1407,#1408,#762,.T.);
#1763=EDGE_CURVE('',#1408,#1405,#763,.T.);
#1764=EDGE_CURVE('',#1409,#1410,#161,.T.);
#1765=EDGE_CURVE('',#1410,#1400,#764,.T.);
#1766=EDGE_CURVE('',#1401,#1409,#765,.T.);
#1767=EDGE_CURVE('',#1411,#1412,#162,.T.);
#1768=EDGE_CURVE('',#1412,#1393,#766,.T.);
#1769=EDGE_CURVE('',#1394,#1411,#767,.T.);
#1770=EDGE_CURVE('',#1399,#1403,#163,.T.);
#1771=EDGE_CURVE('',#1404,#1407,#164,.T.);
#1772=EDGE_CURVE('',#1413,#1412,#768,.T.);
#1773=EDGE_CURVE('',#1413,#1396,#769,.T.);
#1774=EDGE_CURVE('',#1414,#1414,#165,.T.);
#1775=EDGE_CURVE('',#1414,#1407,#770,.T.);
#1776=EDGE_CURVE('',#1407,#1404,#166,.T.);
#1777=EDGE_CURVE('',#1415,#1415,#167,.T.);
#1778=EDGE_CURVE('',#1415,#1408,#771,.T.);
#1779=EDGE_CURVE('',#1408,#1408,#168,.T.);
#1780=EDGE_CURVE('',#1416,#1416,#169,.T.);
#1781=EDGE_CURVE('',#1416,#1417,#772,.T.);
#1782=EDGE_CURVE('',#1403,#1417,#170,.T.);
#1783=EDGE_CURVE('',#1417,#1399,#171,.T.);
#1784=EDGE_CURVE('',#1418,#1418,#172,.T.);
#1785=EDGE_CURVE('',#1418,#1419,#773,.T.);
#1786=EDGE_CURVE('',#1398,#1419,#173,.T.);
#1787=EDGE_CURVE('',#1419,#1398,#174,.T.);
#1788=EDGE_CURVE('',#1397,#1405,#774,.T.);
#1789=EDGE_CURVE('',#1420,#1413,#775,.T.);
#1790=EDGE_CURVE('',#1406,#1420,#776,.T.);
#1791=EDGE_CURVE('',#1409,#1420,#777,.T.);
#1792=EDGE_CURVE('',#1411,#1410,#778,.T.);
#1793=EDGE_CURVE('',#1421,#1422,#779,.T.);
#1794=EDGE_CURVE('',#1423,#1421,#780,.T.);
#1795=EDGE_CURVE('',#1424,#1423,#781,.T.);
#1796=EDGE_CURVE('',#1422,#1424,#782,.T.);
#1797=EDGE_CURVE('',#1425,#1426,#783,.T.);
#1798=EDGE_CURVE('',#1426,#1427,#784,.T.);
#1799=EDGE_CURVE('',#1427,#1428,#785,.T.);
#1800=EDGE_CURVE('',#1428,#1425,#786,.T.);
#1801=EDGE_CURVE('',#1421,#1425,#787,.T.);
#1802=EDGE_CURVE('',#1423,#1428,#788,.T.);
#1803=EDGE_CURVE('',#1424,#1427,#789,.T.);
#1804=EDGE_CURVE('',#1422,#1426,#790,.T.);
#1805=EDGE_CURVE('',#1429,#1430,#175,.F.);
#1806=EDGE_CURVE('',#1431,#1429,#176,.F.);
#1807=EDGE_CURVE('',#1430,#1431,#177,.F.);
#1808=EDGE_CURVE('',#1432,#1433,#178,.T.);
#1809=EDGE_CURVE('',#1433,#1431,#791,.T.);
#1810=EDGE_CURVE('',#1429,#1432,#792,.T.);
#1811=EDGE_CURVE('',#1434,#1435,#179,.F.);
#1812=EDGE_CURVE('',#1436,#1434,#180,.F.);
#1813=EDGE_CURVE('',#1435,#1436,#181,.F.);
#1814=EDGE_CURVE('',#1437,#1438,#182,.T.);
#1815=EDGE_CURVE('',#1438,#1439,#793,.T.);
#1816=EDGE_CURVE('',#1439,#1440,#794,.T.);
#1817=EDGE_CURVE('',#1440,#1436,#795,.T.);
#1818=EDGE_CURVE('',#1434,#1437,#796,.T.);
#1819=EDGE_CURVE('',#1431,#1435,#797,.T.);
#1820=EDGE_CURVE('',#1436,#1441,#798,.T.);
#1821=EDGE_CURVE('',#1441,#1442,#799,.T.);
#1822=EDGE_CURVE('',#1442,#1430,#800,.T.);
#1823=EDGE_CURVE('',#1443,#1444,#183,.T.);
#1824=EDGE_CURVE('',#1444,#1434,#801,.T.);
#1825=EDGE_CURVE('',#1435,#1443,#802,.T.);
#1826=EDGE_CURVE('',#1445,#1446,#184,.T.);
#1827=EDGE_CURVE('',#1446,#1429,#803,.T.);
#1828=EDGE_CURVE('',#1430,#1447,#804,.T.);
#1829=EDGE_CURVE('',#1447,#1448,#805,.T.);
#1830=EDGE_CURVE('',#1448,#1445,#806,.T.);
#1831=EDGE_CURVE('',#1449,#1444,#807,.T.);
#1832=EDGE_CURVE('',#1449,#1437,#808,.T.);
#1833=EDGE_CURVE('',#1443,#1433,#809,.T.);
#1834=EDGE_CURVE('',#1432,#1450,#810,.T.);
#1835=EDGE_CURVE('',#1450,#1449,#811,.T.);
#1836=EDGE_CURVE('',#1451,#1451,#185,.T.);
#1837=EDGE_CURVE('',#1452,#1452,#186,.T.);
#1838=EDGE_CURVE('',#1453,#1453,#187,.T.);
#1839=EDGE_CURVE('',#1454,#1454,#188,.T.);
#1840=EDGE_CURVE('',#1455,#1456,#812,.T.);
#1841=EDGE_CURVE('',#1457,#1456,#189,.T.);
#1842=EDGE_CURVE('',#1457,#1458,#813,.T.);
#1843=EDGE_CURVE('',#1459,#1458,#190,.T.);
#1844=EDGE_CURVE('',#1459,#1460,#814,.T.);
#1845=EDGE_CURVE('',#1461,#1460,#191,.T.);
#1846=EDGE_CURVE('',#1461,#1462,#815,.T.);
#1847=EDGE_CURVE('',#1455,#1462,#192,.T.);
#1848=EDGE_CURVE('',#1446,#1450,#816,.T.);
#1849=EDGE_CURVE('',#1442,#1447,#193,.T.);
#1850=EDGE_CURVE('',#1440,#1441,#194,.T.);
#1851=EDGE_CURVE('',#1463,#1464,#195,.T.);
#1852=EDGE_CURVE('',#1464,#1457,#817,.T.);
#1853=EDGE_CURVE('',#1456,#1463,#818,.T.);
#1854=EDGE_CURVE('',#1465,#1464,#819,.T.);
#1855=EDGE_CURVE('',#1458,#1465,#820,.T.);
#1856=EDGE_CURVE('',#1466,#1467,#196,.T.);
#1857=EDGE_CURVE('',#1467,#1455,#821,.T.);
#1858=EDGE_CURVE('',#1462,#1466,#822,.T.);
#1859=EDGE_CURVE('',#1463,#1467,#823,.T.);
#1860=EDGE_CURVE('',#1468,#1469,#197,.T.);
#1861=EDGE_CURVE('',#1469,#1461,#824,.T.);
#1862=EDGE_CURVE('',#1460,#1468,#825,.T.);
#1863=EDGE_CURVE('',#1466,#1469,#826,.T.);
#1864=EDGE_CURVE('',#1465,#1470,#198,.T.);
#1865=EDGE_CURVE('',#1470,#1459,#827,.T.);
#1866=EDGE_CURVE('',#1468,#1470,#828,.T.);
#1867=EDGE_CURVE('',#1451,#1440,#829,.T.);
#1868=EDGE_CURVE('',#1441,#1440,#199,.T.);
#1869=EDGE_CURVE('',#1452,#1439,#830,.T.);
#1870=EDGE_CURVE('',#1439,#1439,#200,.T.);
#1871=EDGE_CURVE('',#1453,#1471,#831,.T.);
#1872=EDGE_CURVE('',#1447,#1471,#201,.T.);
#1873=EDGE_CURVE('',#1471,#1442,#202,.T.);
#1874=EDGE_CURVE('',#1454,#1472,#832,.T.);
#1875=EDGE_CURVE('',#1448,#1472,#203,.T.);
#1876=EDGE_CURVE('',#1472,#1448,#204,.T.);
#1877=EDGE_CURVE('',#1445,#1438,#833,.T.);
#1878=EDGE_CURVE('',#1473,#1474,#834,.T.);
#1879=EDGE_CURVE('',#1475,#1473,#835,.T.);
#1880=EDGE_CURVE('',#1476,#1475,#836,.T.);
#1881=EDGE_CURVE('',#1474,#1476,#837,.T.);
#1882=EDGE_CURVE('',#1476,#1477,#205,.T.);
#1883=EDGE_CURVE('',#1478,#1477,#838,.T.);
#1884=EDGE_CURVE('',#1474,#1478,#206,.T.);
#1885=EDGE_CURVE('',#1479,#1475,#207,.T.);
#1886=EDGE_CURVE('',#1477,#1479,#208,.T.);
#1887=EDGE_CURVE('',#1478,#1480,#209,.T.);
#1888=EDGE_CURVE('',#1480,#1473,#210,.T.);
#1889=EDGE_CURVE('',#1480,#1479,#839,.T.);
#1890=EDGE_CURVE('',#1481,#1482,#840,.T.);
#1891=EDGE_CURVE('',#1481,#1483,#841,.T.);
#1892=EDGE_CURVE('',#1484,#1483,#842,.T.);
#1893=EDGE_CURVE('',#1482,#1484,#843,.T.);
#1894=EDGE_CURVE('',#1483,#1485,#844,.T.);
#1895=EDGE_CURVE('',#1485,#1486,#845,.T.);
#1896=EDGE_CURVE('',#1486,#1484,#846,.T.);
#1897=EDGE_CURVE('',#1487,#1488,#847,.T.);
#1898=EDGE_CURVE('',#1487,#1489,#848,.T.);
#1899=EDGE_CURVE('',#1490,#1489,#849,.T.);
#1900=EDGE_CURVE('',#1488,#1490,#850,.T.);
#1901=EDGE_CURVE('',#1489,#1486,#851,.T.);
#1902=EDGE_CURVE('',#1490,#1485,#852,.T.);
#1903=EDGE_CURVE('',#1491,#1488,#853,.T.);
#1904=EDGE_CURVE('',#1491,#1492,#854,.T.);
#1905=EDGE_CURVE('',#1493,#1492,#855,.T.);
#1906=EDGE_CURVE('',#1493,#1494,#856,.T.);
#1907=EDGE_CURVE('',#1494,#1495,#211,.T.);
#1908=EDGE_CURVE('',#1495,#1496,#857,.T.);
#1909=EDGE_CURVE('',#1496,#1497,#212,.T.);
#1910=EDGE_CURVE('',#1497,#1498,#213,.T.);
#1911=EDGE_CURVE('',#1498,#1499,#214,.T.);
#1912=EDGE_CURVE('',#1499,#1500,#215,.T.);
#1913=EDGE_CURVE('',#1500,#1501,#216,.T.);
#1914=EDGE_CURVE('',#1501,#1502,#858,.T.);
#1915=EDGE_CURVE('',#1502,#1503,#217,.T.);
#1916=EDGE_CURVE('',#1503,#1504,#859,.T.);
#1917=EDGE_CURVE('',#1504,#1505,#218,.T.);
#1918=EDGE_CURVE('',#1505,#1506,#219,.T.);
#1919=EDGE_CURVE('',#1506,#1507,#860,.T.);
#1920=EDGE_CURVE('',#1507,#1508,#220,.T.);
#1921=EDGE_CURVE('',#1508,#1509,#221,.T.);
#1922=EDGE_CURVE('',#1509,#1510,#222,.T.);
#1923=EDGE_CURVE('',#1510,#1511,#861,.T.);
#1924=EDGE_CURVE('',#1511,#1512,#223,.T.);
#1925=EDGE_CURVE('',#1512,#1513,#862,.T.);
#1926=EDGE_CURVE('',#1513,#1514,#863,.T.);
#1927=EDGE_CURVE('',#1514,#1487,#864,.T.);
#1928=EDGE_CURVE('',#1515,#1515,#224,.T.);
#1929=EDGE_CURVE('',#1516,#1516,#225,.T.);
#1930=EDGE_CURVE('',#1517,#1517,#226,.T.);
#1931=EDGE_CURVE('',#1491,#1518,#865,.T.);
#1932=EDGE_CURVE('',#1519,#1481,#866,.T.);
#1933=EDGE_CURVE('',#1518,#1519,#867,.T.);
#1934=EDGE_CURVE('',#1520,#1482,#868,.T.);
#1935=EDGE_CURVE('',#1520,#1519,#869,.T.);
#1936=EDGE_CURVE('',#1521,#1493,#870,.T.);
#1937=EDGE_CURVE('',#1492,#1522,#871,.T.);
#1938=EDGE_CURVE('',#1522,#1521,#872,.T.);
#1939=EDGE_CURVE('',#1523,#1523,#227,.T.);
#1940=EDGE_CURVE('',#1523,#1517,#873,.T.);
#1941=EDGE_CURVE('',#1524,#1524,#228,.T.);
#1942=EDGE_CURVE('',#1524,#1516,#874,.T.);
#1943=EDGE_CURVE('',#1525,#1525,#229,.T.);
#1944=EDGE_CURVE('',#1525,#1515,#875,.T.);
#1945=EDGE_CURVE('',#1526,#1527,#230,.T.);
#1946=EDGE_CURVE('',#1498,#1527,#876,.T.);
#1947=EDGE_CURVE('',#1497,#1526,#877,.T.);
#1948=EDGE_CURVE('',#1528,#1526,#231,.T.);
#1949=EDGE_CURVE('',#1496,#1528,#878,.T.);
#1950=EDGE_CURVE('',#1529,#1528,#879,.T.);
#1951=EDGE_CURVE('',#1495,#1529,#880,.T.);
#1952=EDGE_CURVE('',#1518,#1522,#881,.T.);
#1953=EDGE_CURVE('',#1530,#1513,#882,.T.);
#1954=EDGE_CURVE('',#1512,#1531,#883,.T.);
#1955=EDGE_CURVE('',#1531,#1530,#884,.T.);
#1956=EDGE_CURVE('',#1532,#1531,#232,.T.);
#1957=EDGE_CURVE('',#1511,#1532,#885,.T.);
#1958=EDGE_CURVE('',#1533,#1532,#886,.T.);
#1959=EDGE_CURVE('',#1510,#1533,#887,.T.);
#1960=EDGE_CURVE('',#1534,#1533,#233,.T.);
#1961=EDGE_CURVE('',#1509,#1534,#888,.T.);
#1962=EDGE_CURVE('',#1535,#1534,#234,.T.);
#1963=EDGE_CURVE('',#1508,#1535,#889,.T.);
#1964=EDGE_CURVE('',#1536,#1535,#235,.T.);
#1965=EDGE_CURVE('',#1507,#1536,#890,.T.);
#1966=EDGE_CURVE('',#1537,#1536,#891,.T.);
#1967=EDGE_CURVE('',#1506,#1537,#892,.T.);
#1968=EDGE_CURVE('',#1538,#1537,#236,.T.);
#1969=EDGE_CURVE('',#1505,#1538,#893,.T.);
#1970=EDGE_CURVE('',#1539,#1538,#237,.T.);
#1971=EDGE_CURVE('',#1504,#1539,#894,.T.);
#1972=EDGE_CURVE('',#1540,#1539,#895,.T.);
#1973=EDGE_CURVE('',#1503,#1540,#896,.T.);
#1974=EDGE_CURVE('',#1541,#1540,#238,.T.);
#1975=EDGE_CURVE('',#1502,#1541,#897,.T.);
#1976=EDGE_CURVE('',#1542,#1541,#898,.T.);
#1977=EDGE_CURVE('',#1501,#1542,#899,.T.);
#1978=EDGE_CURVE('',#1543,#1542,#239,.T.);
#1979=EDGE_CURVE('',#1500,#1543,#900,.T.);
#1980=EDGE_CURVE('',#1544,#1543,#240,.T.);
#1981=EDGE_CURVE('',#1499,#1544,#901,.T.);
#1982=EDGE_CURVE('',#1527,#1544,#241,.T.);
#1983=EDGE_CURVE('',#1494,#1545,#902,.T.);
#1984=EDGE_CURVE('',#1545,#1529,#242,.T.);
#1985=EDGE_CURVE('',#1545,#1521,#903,.T.);
#1986=EDGE_CURVE('',#1546,#1530,#904,.T.);
#1987=EDGE_CURVE('',#1546,#1520,#905,.T.);
#1988=EDGE_CURVE('',#1514,#1546,#906,.T.);
#1989=EDGE_CURVE('',#1547,#1548,#907,.T.);
#1990=EDGE_CURVE('',#1547,#1549,#908,.T.);
#1991=EDGE_CURVE('',#1550,#1549,#909,.T.);
#1992=EDGE_CURVE('',#1548,#1550,#910,.T.);
#1993=EDGE_CURVE('',#1551,#1552,#911,.T.);
#1994=EDGE_CURVE('',#1552,#1550,#912,.T.);
#1995=EDGE_CURVE('',#1549,#1551,#913,.T.);
#1996=EDGE_CURVE('',#1553,#1554,#914,.T.);
#1997=EDGE_CURVE('',#1554,#1555,#915,.T.);
#1998=EDGE_CURVE('',#1555,#1556,#916,.T.);
#1999=EDGE_CURVE('',#1556,#1553,#917,.T.);
#2000=EDGE_CURVE('',#1554,#1548,#918,.T.);
#2001=EDGE_CURVE('',#1547,#1553,#919,.T.);
#2002=EDGE_CURVE('',#1556,#1557,#920,.T.);
#2003=EDGE_CURVE('',#1557,#1551,#921,.T.);
#2004=EDGE_CURVE('',#1558,#1558,#243,.T.);
#2005=EDGE_CURVE('',#1558,#1559,#922,.T.);
#2006=EDGE_CURVE('',#1559,#1559,#244,.T.);
#2007=EDGE_CURVE('',#1557,#1560,#923,.T.);
#2008=EDGE_CURVE('',#1552,#1560,#924,.T.);
#2009=EDGE_CURVE('',#1560,#1555,#925,.T.);
#2010=EDGE_CURVE('',#1561,#1562,#13,.T.);
#2011=EDGE_CURVE('',#1562,#1563,#926,.T.);
#2012=EDGE_CURVE('',#1563,#1564,#245,.T.);
#2013=EDGE_CURVE('',#1564,#1561,#927,.T.);
#2014=EDGE_CURVE('',#1565,#1562,#928,.T.);
#2015=EDGE_CURVE('',#1566,#1565,#929,.T.);
#2016=EDGE_CURVE('',#1566,#1563,#930,.T.);
#2017=EDGE_CURVE('',#1561,#1567,#931,.T.);
#2018=EDGE_CURVE('',#1567,#1568,#932,.T.);
#2019=EDGE_CURVE('',#1568,#1569,#933,.T.);
#2020=EDGE_CURVE('',#1565,#1569,#14,.T.);
#2021=EDGE_CURVE('',#1569,#1570,#934,.T.);
#2022=EDGE_CURVE('',#1570,#1566,#246,.T.);
#2023=EDGE_CURVE('',#1571,#1568,#935,.T.);
#2024=EDGE_CURVE('',#1570,#1571,#936,.T.);
#2025=EDGE_CURVE('',#1571,#1572,#937,.T.);
#2026=EDGE_CURVE('',#1572,#1567,#938,.T.);
#2027=EDGE_CURVE('',#1572,#1564,#939,.T.);
#2028=EDGE_CURVE('',#1573,#1574,#15,.T.);
#2029=EDGE_CURVE('',#1574,#1575,#940,.T.);
#2030=EDGE_CURVE('',#1575,#1576,#247,.T.);
#2031=EDGE_CURVE('',#1576,#1573,#941,.T.);
#2032=EDGE_CURVE('',#1574,#1577,#942,.F.);
#2033=EDGE_CURVE('',#1578,#1577,#943,.T.);
#2034=EDGE_CURVE('',#1578,#1575,#944,.T.);
#2035=EDGE_CURVE('',#1579,#1573,#945,.F.);
#2036=EDGE_CURVE('',#1580,#1579,#946,.T.);
#2037=EDGE_CURVE('',#1580,#1581,#947,.T.);
#2038=EDGE_CURVE('',#1577,#1581,#16,.T.);
#2039=EDGE_CURVE('',#1582,#1578,#248,.T.);
#2040=EDGE_CURVE('',#1581,#1582,#948,.T.);
#2041=EDGE_CURVE('',#1583,#1582,#949,.T.);
#2042=EDGE_CURVE('',#1584,#1583,#950,.T.);
#2043=EDGE_CURVE('',#1584,#1576,#951,.T.);
#2044=EDGE_CURVE('',#1583,#1580,#952,.T.);
#2045=EDGE_CURVE('',#1584,#1579,#953,.T.);
#2046=ORIENTED_EDGE('',*,*,#1585,.F.);
#2047=ORIENTED_EDGE('',*,*,#1586,.F.);
#2048=ORIENTED_EDGE('',*,*,#1587,.F.);
#2049=ORIENTED_EDGE('',*,*,#1588,.F.);
#2050=ORIENTED_EDGE('',*,*,#1589,.F.);
#2051=ORIENTED_EDGE('',*,*,#1590,.F.);
#2052=ORIENTED_EDGE('',*,*,#1591,.T.);
#2053=ORIENTED_EDGE('',*,*,#1588,.T.);
#2054=ORIENTED_EDGE('',*,*,#1592,.T.);
#2055=ORIENTED_EDGE('',*,*,#1593,.F.);
#2056=ORIENTED_EDGE('',*,*,#1594,.F.);
#2057=ORIENTED_EDGE('',*,*,#1595,.F.);
#2058=ORIENTED_EDGE('',*,*,#1596,.T.);
#2059=ORIENTED_EDGE('',*,*,#1597,.T.);
#2060=ORIENTED_EDGE('',*,*,#1598,.T.);
#2061=ORIENTED_EDGE('',*,*,#1599,.T.);
#2062=ORIENTED_EDGE('',*,*,#1600,.F.);
#2063=ORIENTED_EDGE('',*,*,#1601,.F.);
#2064=ORIENTED_EDGE('',*,*,#1602,.F.);
#2065=ORIENTED_EDGE('',*,*,#1590,.T.);
#2066=ORIENTED_EDGE('',*,*,#1602,.T.);
#2067=ORIENTED_EDGE('',*,*,#1603,.F.);
#2068=ORIENTED_EDGE('',*,*,#1604,.F.);
#2069=ORIENTED_EDGE('',*,*,#1605,.T.);
#2070=ORIENTED_EDGE('',*,*,#1606,.F.);
#2071=ORIENTED_EDGE('',*,*,#1607,.T.);
#2072=ORIENTED_EDGE('',*,*,#1585,.T.);
#2073=ORIENTED_EDGE('',*,*,#1601,.T.);
#2074=ORIENTED_EDGE('',*,*,#1608,.F.);
#2075=ORIENTED_EDGE('',*,*,#1609,.F.);
#2076=ORIENTED_EDGE('',*,*,#1603,.T.);
#2077=ORIENTED_EDGE('',*,*,#1595,.T.);
#2078=ORIENTED_EDGE('',*,*,#1610,.F.);
#2079=ORIENTED_EDGE('',*,*,#1611,.F.);
#2080=ORIENTED_EDGE('',*,*,#1612,.F.);
#2081=ORIENTED_EDGE('',*,*,#1594,.T.);
#2082=ORIENTED_EDGE('',*,*,#1613,.F.);
#2083=ORIENTED_EDGE('',*,*,#1614,.F.);
#2084=ORIENTED_EDGE('',*,*,#1615,.F.);
#2085=ORIENTED_EDGE('',*,*,#1616,.T.);
#2086=ORIENTED_EDGE('',*,*,#1610,.T.);
#2087=ORIENTED_EDGE('',*,*,#1593,.T.);
#2088=ORIENTED_EDGE('',*,*,#1617,.F.);
#2089=ORIENTED_EDGE('',*,*,#1618,.T.);
#2090=ORIENTED_EDGE('',*,*,#1606,.T.);
#2091=ORIENTED_EDGE('',*,*,#1619,.T.);
#2092=ORIENTED_EDGE('',*,*,#1620,.F.);
#2093=ORIENTED_EDGE('',*,*,#1621,.T.);
#2094=ORIENTED_EDGE('',*,*,#1622,.T.);
#2095=ORIENTED_EDGE('',*,*,#1623,.T.);
#2096=ORIENTED_EDGE('',*,*,#1613,.T.);
#2097=ORIENTED_EDGE('',*,*,#1612,.T.);
#2098=ORIENTED_EDGE('',*,*,#1624,.T.);
#2099=ORIENTED_EDGE('',*,*,#1625,.F.);
#2100=ORIENTED_EDGE('',*,*,#1626,.F.);
#2101=ORIENTED_EDGE('',*,*,#1627,.T.);
#2102=ORIENTED_EDGE('',*,*,#1628,.F.);
#2103=ORIENTED_EDGE('',*,*,#1629,.T.);
#2104=ORIENTED_EDGE('',*,*,#1630,.F.);
#2105=ORIENTED_EDGE('',*,*,#1631,.F.);
#2106=ORIENTED_EDGE('',*,*,#1596,.F.);
#2107=ORIENTED_EDGE('',*,*,#1587,.T.);
#2108=ORIENTED_EDGE('',*,*,#1632,.T.);
#2109=ORIENTED_EDGE('',*,*,#1617,.T.);
#2110=ORIENTED_EDGE('',*,*,#1592,.F.);
#2111=ORIENTED_EDGE('',*,*,#1633,.T.);
#2112=ORIENTED_EDGE('',*,*,#1586,.T.);
#2113=ORIENTED_EDGE('',*,*,#1607,.F.);
#2114=ORIENTED_EDGE('',*,*,#1618,.F.);
#2115=ORIENTED_EDGE('',*,*,#1632,.F.);
#2116=ORIENTED_EDGE('',*,*,#1631,.T.);
#2117=ORIENTED_EDGE('',*,*,#1634,.F.);
#2118=ORIENTED_EDGE('',*,*,#1635,.T.);
#2119=ORIENTED_EDGE('',*,*,#1597,.F.);
#2120=ORIENTED_EDGE('',*,*,#1636,.T.);
#2121=ORIENTED_EDGE('',*,*,#1637,.T.);
#2122=ORIENTED_EDGE('',*,*,#1638,.T.);
#2123=ORIENTED_EDGE('',*,*,#1639,.T.);
#2124=ORIENTED_EDGE('',*,*,#1636,.F.);
#2125=ORIENTED_EDGE('',*,*,#1640,.T.);
#2126=ORIENTED_EDGE('',*,*,#1641,.F.);
#2127=ORIENTED_EDGE('',*,*,#1642,.T.);
#2128=ORIENTED_EDGE('',*,*,#1643,.T.);
#2129=ORIENTED_EDGE('',*,*,#1644,.T.);
#2130=ORIENTED_EDGE('',*,*,#1645,.F.);
#2131=ORIENTED_EDGE('',*,*,#1646,.F.);
#2132=ORIENTED_EDGE('',*,*,#1647,.F.);
#2133=ORIENTED_EDGE('',*,*,#1648,.F.);
#2134=ORIENTED_EDGE('',*,*,#1649,.T.);
#2135=ORIENTED_EDGE('',*,*,#1650,.T.);
#2136=ORIENTED_EDGE('',*,*,#1651,.T.);
#2137=ORIENTED_EDGE('',*,*,#1652,.T.);
#2138=ORIENTED_EDGE('',*,*,#1639,.F.);
#2139=ORIENTED_EDGE('',*,*,#1653,.F.);
#2140=ORIENTED_EDGE('',*,*,#1654,.F.);
#2141=ORIENTED_EDGE('',*,*,#1640,.F.);
#2142=ORIENTED_EDGE('',*,*,#1655,.T.);
#2143=ORIENTED_EDGE('',*,*,#1656,.T.);
#2144=ORIENTED_EDGE('',*,*,#1657,.T.);
#2145=ORIENTED_EDGE('',*,*,#1658,.T.);
#2146=ORIENTED_EDGE('',*,*,#1659,.T.);
#2147=ORIENTED_EDGE('',*,*,#1660,.T.);
#2148=ORIENTED_EDGE('',*,*,#1641,.T.);
#2149=ORIENTED_EDGE('',*,*,#1654,.T.);
#2150=ORIENTED_EDGE('',*,*,#1652,.F.);
#2151=ORIENTED_EDGE('',*,*,#1661,.T.);
#2152=ORIENTED_EDGE('',*,*,#1662,.F.);
#2153=ORIENTED_EDGE('',*,*,#1663,.F.);
#2154=ORIENTED_EDGE('',*,*,#1664,.F.);
#2155=ORIENTED_EDGE('',*,*,#1665,.F.);
#2156=ORIENTED_EDGE('',*,*,#1666,.F.);
#2157=ORIENTED_EDGE('',*,*,#1661,.F.);
#2158=ORIENTED_EDGE('',*,*,#1651,.F.);
#2159=ORIENTED_EDGE('',*,*,#1667,.T.);
#2160=ORIENTED_EDGE('',*,*,#1668,.F.);
#2161=ORIENTED_EDGE('',*,*,#1669,.F.);
#2162=ORIENTED_EDGE('',*,*,#1629,.F.);
#2163=ORIENTED_EDGE('',*,*,#1670,.F.);
#2164=ORIENTED_EDGE('',*,*,#1671,.F.);
#2165=ORIENTED_EDGE('',*,*,#1667,.F.);
#2166=ORIENTED_EDGE('',*,*,#1605,.F.);
#2167=ORIENTED_EDGE('',*,*,#1672,.F.);
#2168=ORIENTED_EDGE('',*,*,#1673,.F.);
#2169=ORIENTED_EDGE('',*,*,#1619,.F.);
#2170=ORIENTED_EDGE('',*,*,#1650,.F.);
#2171=ORIENTED_EDGE('',*,*,#1674,.T.);
#2172=ORIENTED_EDGE('',*,*,#1675,.F.);
#2173=ORIENTED_EDGE('',*,*,#1676,.F.);
#2174=ORIENTED_EDGE('',*,*,#1677,.F.);
#2175=ORIENTED_EDGE('',*,*,#1678,.F.);
#2176=ORIENTED_EDGE('',*,*,#1679,.F.);
#2177=ORIENTED_EDGE('',*,*,#1674,.F.);
#2178=ORIENTED_EDGE('',*,*,#1649,.F.);
#2179=ORIENTED_EDGE('',*,*,#1680,.T.);
#2180=ORIENTED_EDGE('',*,*,#1681,.F.);
#2181=ORIENTED_EDGE('',*,*,#1682,.F.);
#2182=ORIENTED_EDGE('',*,*,#1627,.F.);
#2183=ORIENTED_EDGE('',*,*,#1683,.F.);
#2184=ORIENTED_EDGE('',*,*,#1684,.F.);
#2185=ORIENTED_EDGE('',*,*,#1680,.F.);
#2186=ORIENTED_EDGE('',*,*,#1685,.F.);
#2187=ORIENTED_EDGE('',*,*,#1621,.F.);
#2188=ORIENTED_EDGE('',*,*,#1686,.F.);
#2189=ORIENTED_EDGE('',*,*,#1687,.F.);
#2190=ORIENTED_EDGE('',*,*,#1663,.T.);
#2191=ORIENTED_EDGE('',*,*,#1688,.T.);
#2192=ORIENTED_EDGE('',*,*,#1678,.T.);
#2193=ORIENTED_EDGE('',*,*,#1689,.F.);
#2194=ORIENTED_EDGE('',*,*,#1670,.T.);
#2195=ORIENTED_EDGE('',*,*,#1628,.T.);
#2196=ORIENTED_EDGE('',*,*,#1682,.T.);
#2197=ORIENTED_EDGE('',*,*,#1690,.T.);
#2198=ORIENTED_EDGE('',*,*,#1676,.T.);
#2199=ORIENTED_EDGE('',*,*,#1691,.T.);
#2200=ORIENTED_EDGE('',*,*,#1683,.T.);
#2201=ORIENTED_EDGE('',*,*,#1626,.T.);
#2202=ORIENTED_EDGE('',*,*,#1692,.T.);
#2203=ORIENTED_EDGE('',*,*,#1693,.T.);
#2204=ORIENTED_EDGE('',*,*,#1687,.T.);
#2205=ORIENTED_EDGE('',*,*,#1694,.F.);
#2206=ORIENTED_EDGE('',*,*,#1664,.T.);
#2207=ORIENTED_EDGE('',*,*,#1689,.T.);
#2208=ORIENTED_EDGE('',*,*,#1677,.T.);
#2209=ORIENTED_EDGE('',*,*,#1694,.T.);
#2210=ORIENTED_EDGE('',*,*,#1686,.T.);
#2211=ORIENTED_EDGE('',*,*,#1620,.T.);
#2212=ORIENTED_EDGE('',*,*,#1673,.T.);
#2213=ORIENTED_EDGE('',*,*,#1695,.T.);
#2214=ORIENTED_EDGE('',*,*,#1696,.F.);
#2215=ORIENTED_EDGE('',*,*,#1697,.F.);
#2216=ORIENTED_EDGE('',*,*,#1698,.F.);
#2217=ORIENTED_EDGE('',*,*,#1699,.F.);
#2218=ORIENTED_EDGE('',*,*,#1657,.F.);
#2219=ORIENTED_EDGE('',*,*,#1700,.F.);
#2220=ORIENTED_EDGE('',*,*,#1701,.F.);
#2221=ORIENTED_EDGE('',*,*,#1702,.T.);
#2222=ORIENTED_EDGE('',*,*,#1658,.F.);
#2223=ORIENTED_EDGE('',*,*,#1702,.F.);
#2224=ORIENTED_EDGE('',*,*,#1703,.F.);
#2225=ORIENTED_EDGE('',*,*,#1704,.T.);
#2226=ORIENTED_EDGE('',*,*,#1655,.F.);
#2227=ORIENTED_EDGE('',*,*,#1704,.F.);
#2228=ORIENTED_EDGE('',*,*,#1705,.F.);
#2229=ORIENTED_EDGE('',*,*,#1706,.T.);
#2230=ORIENTED_EDGE('',*,*,#1656,.F.);
#2231=ORIENTED_EDGE('',*,*,#1706,.F.);
#2232=ORIENTED_EDGE('',*,*,#1707,.F.);
#2233=ORIENTED_EDGE('',*,*,#1700,.T.);
#2234=ORIENTED_EDGE('',*,*,#1708,.F.);
#2235=ORIENTED_EDGE('',*,*,#1709,.T.);
#2236=ORIENTED_EDGE('',*,*,#1710,.T.);
#2237=ORIENTED_EDGE('',*,*,#1711,.F.);
#2238=ORIENTED_EDGE('',*,*,#1712,.F.);
#2239=ORIENTED_EDGE('',*,*,#1713,.T.);
#2240=ORIENTED_EDGE('',*,*,#1714,.T.);
#2241=ORIENTED_EDGE('',*,*,#1709,.F.);
#2242=ORIENTED_EDGE('',*,*,#1715,.F.);
#2243=ORIENTED_EDGE('',*,*,#1716,.T.);
#2244=ORIENTED_EDGE('',*,*,#1717,.T.);
#2245=ORIENTED_EDGE('',*,*,#1713,.F.);
#2246=ORIENTED_EDGE('',*,*,#1718,.F.);
#2247=ORIENTED_EDGE('',*,*,#1711,.T.);
#2248=ORIENTED_EDGE('',*,*,#1719,.T.);
#2249=ORIENTED_EDGE('',*,*,#1716,.F.);
#2250=ORIENTED_EDGE('',*,*,#1719,.F.);
#2251=ORIENTED_EDGE('',*,*,#1710,.F.);
#2252=ORIENTED_EDGE('',*,*,#1714,.F.);
#2253=ORIENTED_EDGE('',*,*,#1717,.F.);
#2254=ORIENTED_EDGE('',*,*,#1705,.T.);
#2255=ORIENTED_EDGE('',*,*,#1703,.T.);
#2256=ORIENTED_EDGE('',*,*,#1701,.T.);
#2257=ORIENTED_EDGE('',*,*,#1707,.T.);
#2258=ORIENTED_EDGE('',*,*,#1720,.F.);
#2259=ORIENTED_EDGE('',*,*,#1721,.T.);
#2260=ORIENTED_EDGE('',*,*,#1722,.T.);
#2261=ORIENTED_EDGE('',*,*,#1721,.F.);
#2262=ORIENTED_EDGE('',*,*,#1722,.F.);
#2263=ORIENTED_EDGE('',*,*,#1723,.F.);
#2264=ORIENTED_EDGE('',*,*,#1696,.T.);
#2265=ORIENTED_EDGE('',*,*,#1724,.F.);
#2266=ORIENTED_EDGE('',*,*,#1648,.T.);
#2267=ORIENTED_EDGE('',*,*,#1708,.T.);
#2268=ORIENTED_EDGE('',*,*,#1718,.T.);
#2269=ORIENTED_EDGE('',*,*,#1715,.T.);
#2270=ORIENTED_EDGE('',*,*,#1712,.T.);
#2271=ORIENTED_EDGE('',*,*,#1724,.T.);
#2272=ORIENTED_EDGE('',*,*,#1699,.T.);
#2273=ORIENTED_EDGE('',*,*,#1725,.T.);
#2274=ORIENTED_EDGE('',*,*,#1645,.T.);
#2275=ORIENTED_EDGE('',*,*,#1723,.T.);
#2276=ORIENTED_EDGE('',*,*,#1647,.T.);
#2277=ORIENTED_EDGE('',*,*,#1726,.F.);
#2278=ORIENTED_EDGE('',*,*,#1697,.T.);
#2279=ORIENTED_EDGE('',*,*,#1720,.T.);
#2280=ORIENTED_EDGE('',*,*,#1726,.T.);
#2281=ORIENTED_EDGE('',*,*,#1646,.T.);
#2282=ORIENTED_EDGE('',*,*,#1725,.F.);
#2283=ORIENTED_EDGE('',*,*,#1698,.T.);
#2284=ORIENTED_EDGE('',*,*,#1727,.F.);
#2285=ORIENTED_EDGE('',*,*,#1728,.F.);
#2286=ORIENTED_EDGE('',*,*,#1729,.F.);
#2287=ORIENTED_EDGE('',*,*,#1643,.F.);
#2288=ORIENTED_EDGE('',*,*,#1637,.F.);
#2289=ORIENTED_EDGE('',*,*,#1644,.F.);
#2290=ORIENTED_EDGE('',*,*,#1729,.T.);
#2291=ORIENTED_EDGE('',*,*,#1730,.F.);
#2292=ORIENTED_EDGE('',*,*,#1660,.F.);
#2293=ORIENTED_EDGE('',*,*,#1731,.F.);
#2294=ORIENTED_EDGE('',*,*,#1727,.T.);
#2295=ORIENTED_EDGE('',*,*,#1642,.F.);
#2296=ORIENTED_EDGE('',*,*,#1638,.F.);
#2297=ORIENTED_EDGE('',*,*,#1730,.T.);
#2298=ORIENTED_EDGE('',*,*,#1728,.T.);
#2299=ORIENTED_EDGE('',*,*,#1731,.T.);
#2300=ORIENTED_EDGE('',*,*,#1659,.F.);
#2301=ORIENTED_EDGE('',*,*,#1653,.T.);
#2302=ORIENTED_EDGE('',*,*,#1662,.T.);
#2303=ORIENTED_EDGE('',*,*,#1666,.T.);
#2304=ORIENTED_EDGE('',*,*,#1732,.F.);
#2305=ORIENTED_EDGE('',*,*,#1668,.T.);
#2306=ORIENTED_EDGE('',*,*,#1671,.T.);
#2307=ORIENTED_EDGE('',*,*,#1690,.F.);
#2308=ORIENTED_EDGE('',*,*,#1681,.T.);
#2309=ORIENTED_EDGE('',*,*,#1684,.T.);
#2310=ORIENTED_EDGE('',*,*,#1691,.F.);
#2311=ORIENTED_EDGE('',*,*,#1675,.T.);
#2312=ORIENTED_EDGE('',*,*,#1679,.T.);
#2313=ORIENTED_EDGE('',*,*,#1688,.F.);
#2314=ORIENTED_EDGE('',*,*,#1616,.F.);
#2315=ORIENTED_EDGE('',*,*,#1733,.F.);
#2316=ORIENTED_EDGE('',*,*,#1624,.F.);
#2317=ORIENTED_EDGE('',*,*,#1611,.T.);
#2318=ORIENTED_EDGE('',*,*,#1734,.F.);
#2319=ORIENTED_EDGE('',*,*,#1735,.F.);
#2320=ORIENTED_EDGE('',*,*,#1608,.T.);
#2321=ORIENTED_EDGE('',*,*,#1600,.T.);
#2322=ORIENTED_EDGE('',*,*,#1589,.T.);
#2323=ORIENTED_EDGE('',*,*,#1591,.F.);
#2324=ORIENTED_EDGE('',*,*,#1736,.T.);
#2325=ORIENTED_EDGE('',*,*,#1737,.F.);
#2326=ORIENTED_EDGE('',*,*,#1734,.T.);
#2327=ORIENTED_EDGE('',*,*,#1599,.F.);
#2328=ORIENTED_EDGE('',*,*,#1635,.F.);
#2329=ORIENTED_EDGE('',*,*,#1738,.F.);
#2330=ORIENTED_EDGE('',*,*,#1736,.F.);
#2331=ORIENTED_EDGE('',*,*,#1598,.F.);
#2332=ORIENTED_EDGE('',*,*,#1615,.T.);
#2333=ORIENTED_EDGE('',*,*,#1739,.F.);
#2334=ORIENTED_EDGE('',*,*,#1740,.T.);
#2335=ORIENTED_EDGE('',*,*,#1692,.F.);
#2336=ORIENTED_EDGE('',*,*,#1625,.T.);
#2337=ORIENTED_EDGE('',*,*,#1733,.T.);
#2338=ORIENTED_EDGE('',*,*,#1633,.F.);
#2339=ORIENTED_EDGE('',*,*,#1741,.T.);
#2340=ORIENTED_EDGE('',*,*,#1742,.T.);
#2341=ORIENTED_EDGE('',*,*,#1741,.F.);
#2342=ORIENTED_EDGE('',*,*,#1742,.F.);
#2343=ORIENTED_EDGE('',*,*,#1614,.T.);
#2344=ORIENTED_EDGE('',*,*,#1623,.F.);
#2345=ORIENTED_EDGE('',*,*,#1743,.F.);
#2346=ORIENTED_EDGE('',*,*,#1739,.T.);
#2347=ORIENTED_EDGE('',*,*,#1665,.T.);
#2348=ORIENTED_EDGE('',*,*,#1695,.F.);
#2349=ORIENTED_EDGE('',*,*,#1672,.T.);
#2350=ORIENTED_EDGE('',*,*,#1604,.T.);
#2351=ORIENTED_EDGE('',*,*,#1609,.T.);
#2352=ORIENTED_EDGE('',*,*,#1735,.T.);
#2353=ORIENTED_EDGE('',*,*,#1737,.T.);
#2354=ORIENTED_EDGE('',*,*,#1738,.T.);
#2355=ORIENTED_EDGE('',*,*,#1634,.T.);
#2356=ORIENTED_EDGE('',*,*,#1630,.T.);
#2357=ORIENTED_EDGE('',*,*,#1669,.T.);
#2358=ORIENTED_EDGE('',*,*,#1732,.T.);
#2359=ORIENTED_EDGE('',*,*,#1685,.T.);
#2360=ORIENTED_EDGE('',*,*,#1693,.F.);
#2361=ORIENTED_EDGE('',*,*,#1740,.F.);
#2362=ORIENTED_EDGE('',*,*,#1743,.T.);
#2363=ORIENTED_EDGE('',*,*,#1622,.F.);
#2364=ORIENTED_EDGE('',*,*,#1744,.F.);
#2365=ORIENTED_EDGE('',*,*,#1745,.F.);
#2366=ORIENTED_EDGE('',*,*,#1746,.F.);
#2367=ORIENTED_EDGE('',*,*,#1747,.T.);
#2368=ORIENTED_EDGE('',*,*,#1748,.T.);
#2369=ORIENTED_EDGE('',*,*,#1749,.T.);
#2370=ORIENTED_EDGE('',*,*,#1750,.T.);
#2371=ORIENTED_EDGE('',*,*,#1745,.T.);
#2372=ORIENTED_EDGE('',*,*,#1751,.T.);
#2373=ORIENTED_EDGE('',*,*,#1752,.F.);
#2374=ORIENTED_EDGE('',*,*,#1753,.F.);
#2375=ORIENTED_EDGE('',*,*,#1754,.F.);
#2376=ORIENTED_EDGE('',*,*,#1746,.T.);
#2377=ORIENTED_EDGE('',*,*,#1755,.T.);
#2378=ORIENTED_EDGE('',*,*,#1756,.T.);
#2379=ORIENTED_EDGE('',*,*,#1757,.T.);
#2380=ORIENTED_EDGE('',*,*,#1753,.T.);
#2381=ORIENTED_EDGE('',*,*,#1758,.T.);
#2382=ORIENTED_EDGE('',*,*,#1759,.T.);
#2383=ORIENTED_EDGE('',*,*,#1760,.T.);
#2384=ORIENTED_EDGE('',*,*,#1754,.T.);
#2385=ORIENTED_EDGE('',*,*,#1761,.T.);
#2386=ORIENTED_EDGE('',*,*,#1762,.T.);
#2387=ORIENTED_EDGE('',*,*,#1763,.T.);
#2388=ORIENTED_EDGE('',*,*,#1764,.T.);
#2389=ORIENTED_EDGE('',*,*,#1765,.T.);
#2390=ORIENTED_EDGE('',*,*,#1752,.T.);
#2391=ORIENTED_EDGE('',*,*,#1766,.T.);
#2392=ORIENTED_EDGE('',*,*,#1767,.T.);
#2393=ORIENTED_EDGE('',*,*,#1768,.T.);
#2394=ORIENTED_EDGE('',*,*,#1744,.T.);
#2395=ORIENTED_EDGE('',*,*,#1769,.T.);
#2396=ORIENTED_EDGE('',*,*,#1755,.F.);
#2397=ORIENTED_EDGE('',*,*,#1750,.F.);
#2398=ORIENTED_EDGE('',*,*,#1770,.T.);
#2399=ORIENTED_EDGE('',*,*,#1761,.F.);
#2400=ORIENTED_EDGE('',*,*,#1757,.F.);
#2401=ORIENTED_EDGE('',*,*,#1771,.T.);
#2402=ORIENTED_EDGE('',*,*,#1751,.F.);
#2403=ORIENTED_EDGE('',*,*,#1768,.F.);
#2404=ORIENTED_EDGE('',*,*,#1772,.F.);
#2405=ORIENTED_EDGE('',*,*,#1773,.T.);
#2406=ORIENTED_EDGE('',*,*,#1774,.F.);
#2407=ORIENTED_EDGE('',*,*,#1775,.T.);
#2408=ORIENTED_EDGE('',*,*,#1771,.F.);
#2409=ORIENTED_EDGE('',*,*,#1776,.F.);
#2410=ORIENTED_EDGE('',*,*,#1775,.F.);
#2411=ORIENTED_EDGE('',*,*,#1777,.F.);
#2412=ORIENTED_EDGE('',*,*,#1778,.T.);
#2413=ORIENTED_EDGE('',*,*,#1779,.F.);
#2414=ORIENTED_EDGE('',*,*,#1778,.F.);
#2415=ORIENTED_EDGE('',*,*,#1780,.F.);
#2416=ORIENTED_EDGE('',*,*,#1781,.T.);
#2417=ORIENTED_EDGE('',*,*,#1782,.F.);
#2418=ORIENTED_EDGE('',*,*,#1770,.F.);
#2419=ORIENTED_EDGE('',*,*,#1783,.F.);
#2420=ORIENTED_EDGE('',*,*,#1781,.F.);
#2421=ORIENTED_EDGE('',*,*,#1784,.F.);
#2422=ORIENTED_EDGE('',*,*,#1785,.T.);
#2423=ORIENTED_EDGE('',*,*,#1786,.F.);
#2424=ORIENTED_EDGE('',*,*,#1787,.F.);
#2425=ORIENTED_EDGE('',*,*,#1785,.F.);
#2426=ORIENTED_EDGE('',*,*,#1759,.F.);
#2427=ORIENTED_EDGE('',*,*,#1788,.F.);
#2428=ORIENTED_EDGE('',*,*,#1747,.F.);
#2429=ORIENTED_EDGE('',*,*,#1773,.F.);
#2430=ORIENTED_EDGE('',*,*,#1789,.F.);
#2431=ORIENTED_EDGE('',*,*,#1790,.F.);
#2432=ORIENTED_EDGE('',*,*,#1764,.F.);
#2433=ORIENTED_EDGE('',*,*,#1791,.T.);
#2434=ORIENTED_EDGE('',*,*,#1789,.T.);
#2435=ORIENTED_EDGE('',*,*,#1772,.T.);
#2436=ORIENTED_EDGE('',*,*,#1767,.F.);
#2437=ORIENTED_EDGE('',*,*,#1792,.T.);
#2438=ORIENTED_EDGE('',*,*,#1793,.F.);
#2439=ORIENTED_EDGE('',*,*,#1794,.F.);
#2440=ORIENTED_EDGE('',*,*,#1795,.F.);
#2441=ORIENTED_EDGE('',*,*,#1796,.F.);
#2442=ORIENTED_EDGE('',*,*,#1784,.T.);
#2443=ORIENTED_EDGE('',*,*,#1780,.T.);
#2444=ORIENTED_EDGE('',*,*,#1777,.T.);
#2445=ORIENTED_EDGE('',*,*,#1774,.T.);
#2446=ORIENTED_EDGE('',*,*,#1765,.F.);
#2447=ORIENTED_EDGE('',*,*,#1792,.F.);
#2448=ORIENTED_EDGE('',*,*,#1769,.F.);
#2449=ORIENTED_EDGE('',*,*,#1758,.F.);
#2450=ORIENTED_EDGE('',*,*,#1760,.F.);
#2451=ORIENTED_EDGE('',*,*,#1790,.T.);
#2452=ORIENTED_EDGE('',*,*,#1791,.F.);
#2453=ORIENTED_EDGE('',*,*,#1766,.F.);
#2454=ORIENTED_EDGE('',*,*,#1762,.F.);
#2455=ORIENTED_EDGE('',*,*,#1776,.T.);
#2456=ORIENTED_EDGE('',*,*,#1756,.F.);
#2457=ORIENTED_EDGE('',*,*,#1782,.T.);
#2458=ORIENTED_EDGE('',*,*,#1783,.T.);
#2459=ORIENTED_EDGE('',*,*,#1749,.F.);
#2460=ORIENTED_EDGE('',*,*,#1786,.T.);
#2461=ORIENTED_EDGE('',*,*,#1787,.T.);
#2462=ORIENTED_EDGE('',*,*,#1748,.F.);
#2463=ORIENTED_EDGE('',*,*,#1788,.T.);
#2464=ORIENTED_EDGE('',*,*,#1763,.F.);
#2465=ORIENTED_EDGE('',*,*,#1779,.T.);
#2466=ORIENTED_EDGE('',*,*,#1797,.T.);
#2467=ORIENTED_EDGE('',*,*,#1798,.T.);
#2468=ORIENTED_EDGE('',*,*,#1799,.T.);
#2469=ORIENTED_EDGE('',*,*,#1800,.T.);
#2470=ORIENTED_EDGE('',*,*,#1794,.T.);
#2471=ORIENTED_EDGE('',*,*,#1801,.T.);
#2472=ORIENTED_EDGE('',*,*,#1800,.F.);
#2473=ORIENTED_EDGE('',*,*,#1802,.F.);
#2474=ORIENTED_EDGE('',*,*,#1795,.T.);
#2475=ORIENTED_EDGE('',*,*,#1802,.T.);
#2476=ORIENTED_EDGE('',*,*,#1799,.F.);
#2477=ORIENTED_EDGE('',*,*,#1803,.F.);
#2478=ORIENTED_EDGE('',*,*,#1796,.T.);
#2479=ORIENTED_EDGE('',*,*,#1803,.T.);
#2480=ORIENTED_EDGE('',*,*,#1798,.F.);
#2481=ORIENTED_EDGE('',*,*,#1804,.F.);
#2482=ORIENTED_EDGE('',*,*,#1793,.T.);
#2483=ORIENTED_EDGE('',*,*,#1804,.T.);
#2484=ORIENTED_EDGE('',*,*,#1797,.F.);
#2485=ORIENTED_EDGE('',*,*,#1801,.F.);
#2486=ORIENTED_EDGE('',*,*,#1805,.F.);
#2487=ORIENTED_EDGE('',*,*,#1806,.F.);
#2488=ORIENTED_EDGE('',*,*,#1807,.F.);
#2489=ORIENTED_EDGE('',*,*,#1808,.T.);
#2490=ORIENTED_EDGE('',*,*,#1809,.T.);
#2491=ORIENTED_EDGE('',*,*,#1806,.T.);
#2492=ORIENTED_EDGE('',*,*,#1810,.T.);
#2493=ORIENTED_EDGE('',*,*,#1811,.F.);
#2494=ORIENTED_EDGE('',*,*,#1812,.F.);
#2495=ORIENTED_EDGE('',*,*,#1813,.F.);
#2496=ORIENTED_EDGE('',*,*,#1814,.T.);
#2497=ORIENTED_EDGE('',*,*,#1815,.T.);
#2498=ORIENTED_EDGE('',*,*,#1816,.T.);
#2499=ORIENTED_EDGE('',*,*,#1817,.T.);
#2500=ORIENTED_EDGE('',*,*,#1812,.T.);
#2501=ORIENTED_EDGE('',*,*,#1818,.T.);
#2502=ORIENTED_EDGE('',*,*,#1807,.T.);
#2503=ORIENTED_EDGE('',*,*,#1819,.T.);
#2504=ORIENTED_EDGE('',*,*,#1813,.T.);
#2505=ORIENTED_EDGE('',*,*,#1820,.T.);
#2506=ORIENTED_EDGE('',*,*,#1821,.T.);
#2507=ORIENTED_EDGE('',*,*,#1822,.T.);
#2508=ORIENTED_EDGE('',*,*,#1823,.T.);
#2509=ORIENTED_EDGE('',*,*,#1824,.T.);
#2510=ORIENTED_EDGE('',*,*,#1811,.T.);
#2511=ORIENTED_EDGE('',*,*,#1825,.T.);
#2512=ORIENTED_EDGE('',*,*,#1826,.T.);
#2513=ORIENTED_EDGE('',*,*,#1827,.T.);
#2514=ORIENTED_EDGE('',*,*,#1805,.T.);
#2515=ORIENTED_EDGE('',*,*,#1828,.T.);
#2516=ORIENTED_EDGE('',*,*,#1829,.T.);
#2517=ORIENTED_EDGE('',*,*,#1830,.T.);
#2518=ORIENTED_EDGE('',*,*,#1818,.F.);
#2519=ORIENTED_EDGE('',*,*,#1824,.F.);
#2520=ORIENTED_EDGE('',*,*,#1831,.F.);
#2521=ORIENTED_EDGE('',*,*,#1832,.T.);
#2522=ORIENTED_EDGE('',*,*,#1825,.F.);
#2523=ORIENTED_EDGE('',*,*,#1819,.F.);
#2524=ORIENTED_EDGE('',*,*,#1809,.F.);
#2525=ORIENTED_EDGE('',*,*,#1833,.F.);
#2526=ORIENTED_EDGE('',*,*,#1823,.F.);
#2527=ORIENTED_EDGE('',*,*,#1833,.T.);
#2528=ORIENTED_EDGE('',*,*,#1808,.F.);
#2529=ORIENTED_EDGE('',*,*,#1834,.T.);
#2530=ORIENTED_EDGE('',*,*,#1835,.T.);
#2531=ORIENTED_EDGE('',*,*,#1831,.T.);
#2532=ORIENTED_EDGE('',*,*,#1836,.T.);
#2533=ORIENTED_EDGE('',*,*,#1837,.T.);
#2534=ORIENTED_EDGE('',*,*,#1838,.T.);
#2535=ORIENTED_EDGE('',*,*,#1839,.T.);
#2536=ORIENTED_EDGE('',*,*,#1840,.T.);
#2537=ORIENTED_EDGE('',*,*,#1841,.F.);
#2538=ORIENTED_EDGE('',*,*,#1842,.T.);
#2539=ORIENTED_EDGE('',*,*,#1843,.F.);
#2540=ORIENTED_EDGE('',*,*,#1844,.T.);
#2541=ORIENTED_EDGE('',*,*,#1845,.F.);
#2542=ORIENTED_EDGE('',*,*,#1846,.T.);
#2543=ORIENTED_EDGE('',*,*,#1847,.F.);
#2544=ORIENTED_EDGE('',*,*,#1810,.F.);
#2545=ORIENTED_EDGE('',*,*,#1827,.F.);
#2546=ORIENTED_EDGE('',*,*,#1848,.T.);
#2547=ORIENTED_EDGE('',*,*,#1834,.F.);
#2548=ORIENTED_EDGE('',*,*,#1822,.F.);
#2549=ORIENTED_EDGE('',*,*,#1849,.T.);
#2550=ORIENTED_EDGE('',*,*,#1828,.F.);
#2551=ORIENTED_EDGE('',*,*,#1817,.F.);
#2552=ORIENTED_EDGE('',*,*,#1850,.T.);
#2553=ORIENTED_EDGE('',*,*,#1820,.F.);
#2554=ORIENTED_EDGE('',*,*,#1851,.T.);
#2555=ORIENTED_EDGE('',*,*,#1852,.T.);
#2556=ORIENTED_EDGE('',*,*,#1841,.T.);
#2557=ORIENTED_EDGE('',*,*,#1853,.T.);
#2558=ORIENTED_EDGE('',*,*,#1852,.F.);
#2559=ORIENTED_EDGE('',*,*,#1854,.F.);
#2560=ORIENTED_EDGE('',*,*,#1855,.F.);
#2561=ORIENTED_EDGE('',*,*,#1842,.F.);
#2562=ORIENTED_EDGE('',*,*,#1856,.T.);
#2563=ORIENTED_EDGE('',*,*,#1857,.T.);
#2564=ORIENTED_EDGE('',*,*,#1847,.T.);
#2565=ORIENTED_EDGE('',*,*,#1858,.T.);
#2566=ORIENTED_EDGE('',*,*,#1853,.F.);
#2567=ORIENTED_EDGE('',*,*,#1840,.F.);
#2568=ORIENTED_EDGE('',*,*,#1857,.F.);
#2569=ORIENTED_EDGE('',*,*,#1859,.F.);
#2570=ORIENTED_EDGE('',*,*,#1860,.T.);
#2571=ORIENTED_EDGE('',*,*,#1861,.T.);
#2572=ORIENTED_EDGE('',*,*,#1845,.T.);
#2573=ORIENTED_EDGE('',*,*,#1862,.T.);
#2574=ORIENTED_EDGE('',*,*,#1858,.F.);
#2575=ORIENTED_EDGE('',*,*,#1846,.F.);
#2576=ORIENTED_EDGE('',*,*,#1861,.F.);
#2577=ORIENTED_EDGE('',*,*,#1863,.F.);
#2578=ORIENTED_EDGE('',*,*,#1864,.T.);
#2579=ORIENTED_EDGE('',*,*,#1865,.T.);
#2580=ORIENTED_EDGE('',*,*,#1843,.T.);
#2581=ORIENTED_EDGE('',*,*,#1855,.T.);
#2582=ORIENTED_EDGE('',*,*,#1862,.F.);
#2583=ORIENTED_EDGE('',*,*,#1844,.F.);
#2584=ORIENTED_EDGE('',*,*,#1865,.F.);
#2585=ORIENTED_EDGE('',*,*,#1866,.F.);
#2586=ORIENTED_EDGE('',*,*,#1836,.F.);
#2587=ORIENTED_EDGE('',*,*,#1867,.T.);
#2588=ORIENTED_EDGE('',*,*,#1868,.F.);
#2589=ORIENTED_EDGE('',*,*,#1850,.F.);
#2590=ORIENTED_EDGE('',*,*,#1867,.F.);
#2591=ORIENTED_EDGE('',*,*,#1837,.F.);
#2592=ORIENTED_EDGE('',*,*,#1869,.T.);
#2593=ORIENTED_EDGE('',*,*,#1870,.F.);
#2594=ORIENTED_EDGE('',*,*,#1869,.F.);
#2595=ORIENTED_EDGE('',*,*,#1838,.F.);
#2596=ORIENTED_EDGE('',*,*,#1871,.T.);
#2597=ORIENTED_EDGE('',*,*,#1872,.F.);
#2598=ORIENTED_EDGE('',*,*,#1849,.F.);
#2599=ORIENTED_EDGE('',*,*,#1873,.F.);
#2600=ORIENTED_EDGE('',*,*,#1871,.F.);
#2601=ORIENTED_EDGE('',*,*,#1839,.F.);
#2602=ORIENTED_EDGE('',*,*,#1874,.T.);
#2603=ORIENTED_EDGE('',*,*,#1875,.F.);
#2604=ORIENTED_EDGE('',*,*,#1876,.F.);
#2605=ORIENTED_EDGE('',*,*,#1874,.F.);
#2606=ORIENTED_EDGE('',*,*,#1815,.F.);
#2607=ORIENTED_EDGE('',*,*,#1877,.F.);
#2608=ORIENTED_EDGE('',*,*,#1830,.F.);
#2609=ORIENTED_EDGE('',*,*,#1875,.T.);
#2610=ORIENTED_EDGE('',*,*,#1876,.T.);
#2611=ORIENTED_EDGE('',*,*,#1829,.F.);
#2612=ORIENTED_EDGE('',*,*,#1872,.T.);
#2613=ORIENTED_EDGE('',*,*,#1873,.T.);
#2614=ORIENTED_EDGE('',*,*,#1821,.F.);
#2615=ORIENTED_EDGE('',*,*,#1868,.T.);
#2616=ORIENTED_EDGE('',*,*,#1816,.F.);
#2617=ORIENTED_EDGE('',*,*,#1870,.T.);
#2618=ORIENTED_EDGE('',*,*,#1859,.T.);
#2619=ORIENTED_EDGE('',*,*,#1856,.F.);
#2620=ORIENTED_EDGE('',*,*,#1863,.T.);
#2621=ORIENTED_EDGE('',*,*,#1860,.F.);
#2622=ORIENTED_EDGE('',*,*,#1866,.T.);
#2623=ORIENTED_EDGE('',*,*,#1864,.F.);
#2624=ORIENTED_EDGE('',*,*,#1854,.T.);
#2625=ORIENTED_EDGE('',*,*,#1851,.F.);
#2626=ORIENTED_EDGE('',*,*,#1814,.F.);
#2627=ORIENTED_EDGE('',*,*,#1832,.F.);
#2628=ORIENTED_EDGE('',*,*,#1835,.F.);
#2629=ORIENTED_EDGE('',*,*,#1848,.F.);
#2630=ORIENTED_EDGE('',*,*,#1826,.F.);
#2631=ORIENTED_EDGE('',*,*,#1877,.T.);
#2632=ORIENTED_EDGE('',*,*,#1878,.F.);
#2633=ORIENTED_EDGE('',*,*,#1879,.F.);
#2634=ORIENTED_EDGE('',*,*,#1880,.F.);
#2635=ORIENTED_EDGE('',*,*,#1881,.F.);
#2636=ORIENTED_EDGE('',*,*,#1881,.T.);
#2637=ORIENTED_EDGE('',*,*,#1882,.T.);
#2638=ORIENTED_EDGE('',*,*,#1883,.F.);
#2639=ORIENTED_EDGE('',*,*,#1884,.F.);
#2640=ORIENTED_EDGE('',*,*,#1880,.T.);
#2641=ORIENTED_EDGE('',*,*,#1885,.F.);
#2642=ORIENTED_EDGE('',*,*,#1886,.F.);
#2643=ORIENTED_EDGE('',*,*,#1882,.F.);
#2644=ORIENTED_EDGE('',*,*,#1878,.T.);
#2645=ORIENTED_EDGE('',*,*,#1884,.T.);
#2646=ORIENTED_EDGE('',*,*,#1887,.T.);
#2647=ORIENTED_EDGE('',*,*,#1888,.T.);
#2648=ORIENTED_EDGE('',*,*,#1886,.T.);
#2649=ORIENTED_EDGE('',*,*,#1889,.F.);
#2650=ORIENTED_EDGE('',*,*,#1887,.F.);
#2651=ORIENTED_EDGE('',*,*,#1883,.T.);
#2652=ORIENTED_EDGE('',*,*,#1879,.T.);
#2653=ORIENTED_EDGE('',*,*,#1888,.F.);
#2654=ORIENTED_EDGE('',*,*,#1889,.T.);
#2655=ORIENTED_EDGE('',*,*,#1885,.T.);
#2656=ORIENTED_EDGE('',*,*,#1890,.F.);
#2657=ORIENTED_EDGE('',*,*,#1891,.T.);
#2658=ORIENTED_EDGE('',*,*,#1892,.F.);
#2659=ORIENTED_EDGE('',*,*,#1893,.F.);
#2660=ORIENTED_EDGE('',*,*,#1894,.T.);
#2661=ORIENTED_EDGE('',*,*,#1895,.T.);
#2662=ORIENTED_EDGE('',*,*,#1896,.T.);
#2663=ORIENTED_EDGE('',*,*,#1892,.T.);
#2664=ORIENTED_EDGE('',*,*,#1897,.F.);
#2665=ORIENTED_EDGE('',*,*,#1898,.T.);
#2666=ORIENTED_EDGE('',*,*,#1899,.F.);
#2667=ORIENTED_EDGE('',*,*,#1900,.F.);
#2668=ORIENTED_EDGE('',*,*,#1899,.T.);
#2669=ORIENTED_EDGE('',*,*,#1901,.T.);
#2670=ORIENTED_EDGE('',*,*,#1895,.F.);
#2671=ORIENTED_EDGE('',*,*,#1902,.F.);
#2672=ORIENTED_EDGE('',*,*,#1897,.T.);
#2673=ORIENTED_EDGE('',*,*,#1903,.F.);
#2674=ORIENTED_EDGE('',*,*,#1904,.T.);
#2675=ORIENTED_EDGE('',*,*,#1905,.F.);
#2676=ORIENTED_EDGE('',*,*,#1906,.T.);
#2677=ORIENTED_EDGE('',*,*,#1907,.T.);
#2678=ORIENTED_EDGE('',*,*,#1908,.T.);
#2679=ORIENTED_EDGE('',*,*,#1909,.T.);
#2680=ORIENTED_EDGE('',*,*,#1910,.T.);
#2681=ORIENTED_EDGE('',*,*,#1911,.T.);
#2682=ORIENTED_EDGE('',*,*,#1912,.T.);
#2683=ORIENTED_EDGE('',*,*,#1913,.T.);
#2684=ORIENTED_EDGE('',*,*,#1914,.T.);
#2685=ORIENTED_EDGE('',*,*,#1915,.T.);
#2686=ORIENTED_EDGE('',*,*,#1916,.T.);
#2687=ORIENTED_EDGE('',*,*,#1917,.T.);
#2688=ORIENTED_EDGE('',*,*,#1918,.T.);
#2689=ORIENTED_EDGE('',*,*,#1919,.T.);
#2690=ORIENTED_EDGE('',*,*,#1920,.T.);
#2691=ORIENTED_EDGE('',*,*,#1921,.T.);
#2692=ORIENTED_EDGE('',*,*,#1922,.T.);
#2693=ORIENTED_EDGE('',*,*,#1923,.T.);
#2694=ORIENTED_EDGE('',*,*,#1924,.T.);
#2695=ORIENTED_EDGE('',*,*,#1925,.T.);
#2696=ORIENTED_EDGE('',*,*,#1926,.T.);
#2697=ORIENTED_EDGE('',*,*,#1927,.T.);
#2698=ORIENTED_EDGE('',*,*,#1928,.T.);
#2699=ORIENTED_EDGE('',*,*,#1929,.T.);
#2700=ORIENTED_EDGE('',*,*,#1930,.T.);
#2701=ORIENTED_EDGE('',*,*,#1931,.F.);
#2702=ORIENTED_EDGE('',*,*,#1903,.T.);
#2703=ORIENTED_EDGE('',*,*,#1900,.T.);
#2704=ORIENTED_EDGE('',*,*,#1902,.T.);
#2705=ORIENTED_EDGE('',*,*,#1894,.F.);
#2706=ORIENTED_EDGE('',*,*,#1891,.F.);
#2707=ORIENTED_EDGE('',*,*,#1932,.F.);
#2708=ORIENTED_EDGE('',*,*,#1933,.F.);
#2709=ORIENTED_EDGE('',*,*,#1890,.T.);
#2710=ORIENTED_EDGE('',*,*,#1934,.F.);
#2711=ORIENTED_EDGE('',*,*,#1935,.T.);
#2712=ORIENTED_EDGE('',*,*,#1932,.T.);
#2713=ORIENTED_EDGE('',*,*,#1936,.T.);
#2714=ORIENTED_EDGE('',*,*,#1905,.T.);
#2715=ORIENTED_EDGE('',*,*,#1937,.T.);
#2716=ORIENTED_EDGE('',*,*,#1938,.T.);
#2717=ORIENTED_EDGE('',*,*,#1939,.T.);
#2718=ORIENTED_EDGE('',*,*,#1940,.T.);
#2719=ORIENTED_EDGE('',*,*,#1930,.F.);
#2720=ORIENTED_EDGE('',*,*,#1940,.F.);
#2721=ORIENTED_EDGE('',*,*,#1941,.T.);
#2722=ORIENTED_EDGE('',*,*,#1942,.T.);
#2723=ORIENTED_EDGE('',*,*,#1929,.F.);
#2724=ORIENTED_EDGE('',*,*,#1942,.F.);
#2725=ORIENTED_EDGE('',*,*,#1943,.T.);
#2726=ORIENTED_EDGE('',*,*,#1944,.T.);
#2727=ORIENTED_EDGE('',*,*,#1928,.F.);
#2728=ORIENTED_EDGE('',*,*,#1944,.F.);
#2729=ORIENTED_EDGE('',*,*,#1945,.T.);
#2730=ORIENTED_EDGE('',*,*,#1946,.F.);
#2731=ORIENTED_EDGE('',*,*,#1910,.F.);
#2732=ORIENTED_EDGE('',*,*,#1947,.T.);
#2733=ORIENTED_EDGE('',*,*,#1948,.T.);
#2734=ORIENTED_EDGE('',*,*,#1947,.F.);
#2735=ORIENTED_EDGE('',*,*,#1909,.F.);
#2736=ORIENTED_EDGE('',*,*,#1949,.T.);
#2737=ORIENTED_EDGE('',*,*,#1950,.T.);
#2738=ORIENTED_EDGE('',*,*,#1949,.F.);
#2739=ORIENTED_EDGE('',*,*,#1908,.F.);
#2740=ORIENTED_EDGE('',*,*,#1951,.T.);
#2741=ORIENTED_EDGE('',*,*,#1931,.T.);
#2742=ORIENTED_EDGE('',*,*,#1952,.T.);
#2743=ORIENTED_EDGE('',*,*,#1937,.F.);
#2744=ORIENTED_EDGE('',*,*,#1904,.F.);
#2745=ORIENTED_EDGE('',*,*,#1953,.T.);
#2746=ORIENTED_EDGE('',*,*,#1925,.F.);
#2747=ORIENTED_EDGE('',*,*,#1954,.T.);
#2748=ORIENTED_EDGE('',*,*,#1955,.T.);
#2749=ORIENTED_EDGE('',*,*,#1956,.T.);
#2750=ORIENTED_EDGE('',*,*,#1954,.F.);
#2751=ORIENTED_EDGE('',*,*,#1924,.F.);
#2752=ORIENTED_EDGE('',*,*,#1957,.T.);
#2753=ORIENTED_EDGE('',*,*,#1958,.T.);
#2754=ORIENTED_EDGE('',*,*,#1957,.F.);
#2755=ORIENTED_EDGE('',*,*,#1923,.F.);
#2756=ORIENTED_EDGE('',*,*,#1959,.T.);
#2757=ORIENTED_EDGE('',*,*,#1960,.T.);
#2758=ORIENTED_EDGE('',*,*,#1959,.F.);
#2759=ORIENTED_EDGE('',*,*,#1922,.F.);
#2760=ORIENTED_EDGE('',*,*,#1961,.T.);
#2761=ORIENTED_EDGE('',*,*,#1962,.T.);
#2762=ORIENTED_EDGE('',*,*,#1961,.F.);
#2763=ORIENTED_EDGE('',*,*,#1921,.F.);
#2764=ORIENTED_EDGE('',*,*,#1963,.T.);
#2765=ORIENTED_EDGE('',*,*,#1964,.T.);
#2766=ORIENTED_EDGE('',*,*,#1963,.F.);
#2767=ORIENTED_EDGE('',*,*,#1920,.F.);
#2768=ORIENTED_EDGE('',*,*,#1965,.T.);
#2769=ORIENTED_EDGE('',*,*,#1966,.T.);
#2770=ORIENTED_EDGE('',*,*,#1965,.F.);
#2771=ORIENTED_EDGE('',*,*,#1919,.F.);
#2772=ORIENTED_EDGE('',*,*,#1967,.T.);
#2773=ORIENTED_EDGE('',*,*,#1968,.T.);
#2774=ORIENTED_EDGE('',*,*,#1967,.F.);
#2775=ORIENTED_EDGE('',*,*,#1918,.F.);
#2776=ORIENTED_EDGE('',*,*,#1969,.T.);
#2777=ORIENTED_EDGE('',*,*,#1970,.T.);
#2778=ORIENTED_EDGE('',*,*,#1969,.F.);
#2779=ORIENTED_EDGE('',*,*,#1917,.F.);
#2780=ORIENTED_EDGE('',*,*,#1971,.T.);
#2781=ORIENTED_EDGE('',*,*,#1972,.T.);
#2782=ORIENTED_EDGE('',*,*,#1971,.F.);
#2783=ORIENTED_EDGE('',*,*,#1916,.F.);
#2784=ORIENTED_EDGE('',*,*,#1973,.T.);
#2785=ORIENTED_EDGE('',*,*,#1974,.T.);
#2786=ORIENTED_EDGE('',*,*,#1973,.F.);
#2787=ORIENTED_EDGE('',*,*,#1915,.F.);
#2788=ORIENTED_EDGE('',*,*,#1975,.T.);
#2789=ORIENTED_EDGE('',*,*,#1976,.T.);
#2790=ORIENTED_EDGE('',*,*,#1975,.F.);
#2791=ORIENTED_EDGE('',*,*,#1914,.F.);
#2792=ORIENTED_EDGE('',*,*,#1977,.T.);
#2793=ORIENTED_EDGE('',*,*,#1978,.T.);
#2794=ORIENTED_EDGE('',*,*,#1977,.F.);
#2795=ORIENTED_EDGE('',*,*,#1913,.F.);
#2796=ORIENTED_EDGE('',*,*,#1979,.T.);
#2797=ORIENTED_EDGE('',*,*,#1980,.T.);
#2798=ORIENTED_EDGE('',*,*,#1979,.F.);
#2799=ORIENTED_EDGE('',*,*,#1912,.F.);
#2800=ORIENTED_EDGE('',*,*,#1981,.T.);
#2801=ORIENTED_EDGE('',*,*,#1982,.T.);
#2802=ORIENTED_EDGE('',*,*,#1981,.F.);
#2803=ORIENTED_EDGE('',*,*,#1911,.F.);
#2804=ORIENTED_EDGE('',*,*,#1946,.T.);
#2805=ORIENTED_EDGE('',*,*,#1983,.T.);
#2806=ORIENTED_EDGE('',*,*,#1984,.T.);
#2807=ORIENTED_EDGE('',*,*,#1951,.F.);
#2808=ORIENTED_EDGE('',*,*,#1907,.F.);
#2809=ORIENTED_EDGE('',*,*,#1983,.F.);
#2810=ORIENTED_EDGE('',*,*,#1906,.F.);
#2811=ORIENTED_EDGE('',*,*,#1936,.F.);
#2812=ORIENTED_EDGE('',*,*,#1985,.F.);
#2813=ORIENTED_EDGE('',*,*,#1986,.T.);
#2814=ORIENTED_EDGE('',*,*,#1955,.F.);
#2815=ORIENTED_EDGE('',*,*,#1956,.F.);
#2816=ORIENTED_EDGE('',*,*,#1958,.F.);
#2817=ORIENTED_EDGE('',*,*,#1960,.F.);
#2818=ORIENTED_EDGE('',*,*,#1962,.F.);
#2819=ORIENTED_EDGE('',*,*,#1964,.F.);
#2820=ORIENTED_EDGE('',*,*,#1966,.F.);
#2821=ORIENTED_EDGE('',*,*,#1968,.F.);
#2822=ORIENTED_EDGE('',*,*,#1970,.F.);
#2823=ORIENTED_EDGE('',*,*,#1972,.F.);
#2824=ORIENTED_EDGE('',*,*,#1974,.F.);
#2825=ORIENTED_EDGE('',*,*,#1976,.F.);
#2826=ORIENTED_EDGE('',*,*,#1978,.F.);
#2827=ORIENTED_EDGE('',*,*,#1980,.F.);
#2828=ORIENTED_EDGE('',*,*,#1982,.F.);
#2829=ORIENTED_EDGE('',*,*,#1945,.F.);
#2830=ORIENTED_EDGE('',*,*,#1948,.F.);
#2831=ORIENTED_EDGE('',*,*,#1950,.F.);
#2832=ORIENTED_EDGE('',*,*,#1984,.F.);
#2833=ORIENTED_EDGE('',*,*,#1985,.T.);
#2834=ORIENTED_EDGE('',*,*,#1938,.F.);
#2835=ORIENTED_EDGE('',*,*,#1952,.F.);
#2836=ORIENTED_EDGE('',*,*,#1933,.T.);
#2837=ORIENTED_EDGE('',*,*,#1935,.F.);
#2838=ORIENTED_EDGE('',*,*,#1987,.F.);
#2839=ORIENTED_EDGE('',*,*,#1939,.F.);
#2840=ORIENTED_EDGE('',*,*,#1941,.F.);
#2841=ORIENTED_EDGE('',*,*,#1943,.F.);
#2842=ORIENTED_EDGE('',*,*,#1988,.T.);
#2843=ORIENTED_EDGE('',*,*,#1987,.T.);
#2844=ORIENTED_EDGE('',*,*,#1934,.T.);
#2845=ORIENTED_EDGE('',*,*,#1893,.T.);
#2846=ORIENTED_EDGE('',*,*,#1896,.F.);
#2847=ORIENTED_EDGE('',*,*,#1901,.F.);
#2848=ORIENTED_EDGE('',*,*,#1898,.F.);
#2849=ORIENTED_EDGE('',*,*,#1927,.F.);
#2850=ORIENTED_EDGE('',*,*,#1953,.F.);
#2851=ORIENTED_EDGE('',*,*,#1986,.F.);
#2852=ORIENTED_EDGE('',*,*,#1988,.F.);
#2853=ORIENTED_EDGE('',*,*,#1926,.F.);
#2854=ORIENTED_EDGE('',*,*,#1989,.F.);
#2855=ORIENTED_EDGE('',*,*,#1990,.T.);
#2856=ORIENTED_EDGE('',*,*,#1991,.F.);
#2857=ORIENTED_EDGE('',*,*,#1992,.F.);
#2858=ORIENTED_EDGE('',*,*,#1993,.T.);
#2859=ORIENTED_EDGE('',*,*,#1994,.T.);
#2860=ORIENTED_EDGE('',*,*,#1991,.T.);
#2861=ORIENTED_EDGE('',*,*,#1995,.T.);
#2862=ORIENTED_EDGE('',*,*,#1996,.T.);
#2863=ORIENTED_EDGE('',*,*,#1997,.T.);
#2864=ORIENTED_EDGE('',*,*,#1998,.T.);
#2865=ORIENTED_EDGE('',*,*,#1999,.T.);
#2866=ORIENTED_EDGE('',*,*,#1989,.T.);
#2867=ORIENTED_EDGE('',*,*,#2000,.F.);
#2868=ORIENTED_EDGE('',*,*,#1996,.F.);
#2869=ORIENTED_EDGE('',*,*,#2001,.F.);
#2870=ORIENTED_EDGE('',*,*,#2001,.T.);
#2871=ORIENTED_EDGE('',*,*,#1999,.F.);
#2872=ORIENTED_EDGE('',*,*,#2002,.T.);
#2873=ORIENTED_EDGE('',*,*,#2003,.T.);
#2874=ORIENTED_EDGE('',*,*,#1995,.F.);
#2875=ORIENTED_EDGE('',*,*,#1990,.F.);
#2876=ORIENTED_EDGE('',*,*,#2004,.F.);
#2877=ORIENTED_EDGE('',*,*,#2004,.T.);
#2878=ORIENTED_EDGE('',*,*,#2005,.T.);
#2879=ORIENTED_EDGE('',*,*,#2006,.F.);
#2880=ORIENTED_EDGE('',*,*,#2005,.F.);
#2881=ORIENTED_EDGE('',*,*,#2003,.F.);
#2882=ORIENTED_EDGE('',*,*,#2007,.T.);
#2883=ORIENTED_EDGE('',*,*,#2008,.F.);
#2884=ORIENTED_EDGE('',*,*,#1993,.F.);
#2885=ORIENTED_EDGE('',*,*,#2000,.T.);
#2886=ORIENTED_EDGE('',*,*,#1992,.T.);
#2887=ORIENTED_EDGE('',*,*,#1994,.F.);
#2888=ORIENTED_EDGE('',*,*,#2008,.T.);
#2889=ORIENTED_EDGE('',*,*,#2009,.T.);
#2890=ORIENTED_EDGE('',*,*,#1997,.F.);
#2891=ORIENTED_EDGE('',*,*,#2006,.T.);
#2892=ORIENTED_EDGE('',*,*,#2009,.F.);
#2893=ORIENTED_EDGE('',*,*,#2007,.F.);
#2894=ORIENTED_EDGE('',*,*,#2002,.F.);
#2895=ORIENTED_EDGE('',*,*,#1998,.F.);
#2896=ORIENTED_EDGE('',*,*,#2010,.T.);
#2897=ORIENTED_EDGE('',*,*,#2011,.T.);
#2898=ORIENTED_EDGE('',*,*,#2012,.T.);
#2899=ORIENTED_EDGE('',*,*,#2013,.T.);
#2900=ORIENTED_EDGE('',*,*,#2011,.F.);
#2901=ORIENTED_EDGE('',*,*,#2014,.F.);
#2902=ORIENTED_EDGE('',*,*,#2015,.F.);
#2903=ORIENTED_EDGE('',*,*,#2016,.T.);
#2904=ORIENTED_EDGE('',*,*,#2010,.F.);
#2905=ORIENTED_EDGE('',*,*,#2017,.T.);
#2906=ORIENTED_EDGE('',*,*,#2018,.T.);
#2907=ORIENTED_EDGE('',*,*,#2019,.T.);
#2908=ORIENTED_EDGE('',*,*,#2020,.F.);
#2909=ORIENTED_EDGE('',*,*,#2014,.T.);
#2910=ORIENTED_EDGE('',*,*,#2020,.T.);
#2911=ORIENTED_EDGE('',*,*,#2021,.T.);
#2912=ORIENTED_EDGE('',*,*,#2022,.T.);
#2913=ORIENTED_EDGE('',*,*,#2015,.T.);
#2914=ORIENTED_EDGE('',*,*,#2021,.F.);
#2915=ORIENTED_EDGE('',*,*,#2019,.F.);
#2916=ORIENTED_EDGE('',*,*,#2023,.F.);
#2917=ORIENTED_EDGE('',*,*,#2024,.F.);
#2918=ORIENTED_EDGE('',*,*,#2025,.F.);
#2919=ORIENTED_EDGE('',*,*,#2023,.T.);
#2920=ORIENTED_EDGE('',*,*,#2018,.F.);
#2921=ORIENTED_EDGE('',*,*,#2026,.F.);
#2922=ORIENTED_EDGE('',*,*,#2013,.F.);
#2923=ORIENTED_EDGE('',*,*,#2027,.F.);
#2924=ORIENTED_EDGE('',*,*,#2026,.T.);
#2925=ORIENTED_EDGE('',*,*,#2017,.F.);
#2926=ORIENTED_EDGE('',*,*,#2012,.F.);
#2927=ORIENTED_EDGE('',*,*,#2016,.F.);
#2928=ORIENTED_EDGE('',*,*,#2022,.F.);
#2929=ORIENTED_EDGE('',*,*,#2024,.T.);
#2930=ORIENTED_EDGE('',*,*,#2025,.T.);
#2931=ORIENTED_EDGE('',*,*,#2027,.T.);
#2932=ORIENTED_EDGE('',*,*,#2028,.T.);
#2933=ORIENTED_EDGE('',*,*,#2029,.T.);
#2934=ORIENTED_EDGE('',*,*,#2030,.T.);
#2935=ORIENTED_EDGE('',*,*,#2031,.T.);
#2936=ORIENTED_EDGE('',*,*,#2029,.F.);
#2937=ORIENTED_EDGE('',*,*,#2032,.T.);
#2938=ORIENTED_EDGE('',*,*,#2033,.F.);
#2939=ORIENTED_EDGE('',*,*,#2034,.T.);
#2940=ORIENTED_EDGE('',*,*,#2028,.F.);
#2941=ORIENTED_EDGE('',*,*,#2035,.F.);
#2942=ORIENTED_EDGE('',*,*,#2036,.F.);
#2943=ORIENTED_EDGE('',*,*,#2037,.T.);
#2944=ORIENTED_EDGE('',*,*,#2038,.F.);
#2945=ORIENTED_EDGE('',*,*,#2032,.F.);
#2946=ORIENTED_EDGE('',*,*,#2039,.T.);
#2947=ORIENTED_EDGE('',*,*,#2033,.T.);
#2948=ORIENTED_EDGE('',*,*,#2038,.T.);
#2949=ORIENTED_EDGE('',*,*,#2040,.T.);
#2950=ORIENTED_EDGE('',*,*,#2030,.F.);
#2951=ORIENTED_EDGE('',*,*,#2034,.F.);
#2952=ORIENTED_EDGE('',*,*,#2039,.F.);
#2953=ORIENTED_EDGE('',*,*,#2041,.F.);
#2954=ORIENTED_EDGE('',*,*,#2042,.F.);
#2955=ORIENTED_EDGE('',*,*,#2043,.T.);
#2956=ORIENTED_EDGE('',*,*,#2040,.F.);
#2957=ORIENTED_EDGE('',*,*,#2037,.F.);
#2958=ORIENTED_EDGE('',*,*,#2044,.F.);
#2959=ORIENTED_EDGE('',*,*,#2041,.T.);
#2960=ORIENTED_EDGE('',*,*,#2031,.F.);
#2961=ORIENTED_EDGE('',*,*,#2043,.F.);
#2962=ORIENTED_EDGE('',*,*,#2045,.T.);
#2963=ORIENTED_EDGE('',*,*,#2035,.T.);
#2964=ORIENTED_EDGE('',*,*,#2042,.T.);
#2965=ORIENTED_EDGE('',*,*,#2044,.T.);
#2966=ORIENTED_EDGE('',*,*,#2036,.T.);
#2967=ORIENTED_EDGE('',*,*,#2045,.F.);
#2968=PLANE('',#3257);
#2969=PLANE('',#3258);
#2970=PLANE('',#3259);
#2971=PLANE('',#3260);
#2972=PLANE('',#3262);
#2973=PLANE('',#3263);
#2974=PLANE('',#3264);
#2975=PLANE('',#3265);
#2976=PLANE('',#3266);
#2977=PLANE('',#3269);
#2978=PLANE('',#3271);
#2979=PLANE('',#3272);
#2980=PLANE('',#3276);
#2981=PLANE('',#3282);
#2982=PLANE('',#3302);
#2983=PLANE('',#3303);
#2984=PLANE('',#3304);
#2985=PLANE('',#3305);
#2986=PLANE('',#3306);
#2987=PLANE('',#3307);
#2988=PLANE('',#3308);
#2989=PLANE('',#3309);
#2990=PLANE('',#3310);
#2991=PLANE('',#3311);
#2992=PLANE('',#3312);
#2993=PLANE('',#3313);
#2994=PLANE('',#3314);
#2995=PLANE('',#3318);
#2996=PLANE('',#3319);
#2997=PLANE('',#3320);
#2998=PLANE('',#3321);
#2999=PLANE('',#3322);
#3000=PLANE('',#3323);
#3001=PLANE('',#3324);
#3002=PLANE('',#3325);
#3003=PLANE('',#3326);
#3004=PLANE('',#3327);
#3005=PLANE('',#3328);
#3006=PLANE('',#3329);
#3007=PLANE('',#3330);
#3008=PLANE('',#3331);
#3009=PLANE('',#3334);
#3010=PLANE('',#3335);
#3011=PLANE('',#3336);
#3012=PLANE('',#3337);
#3013=PLANE('',#3355);
#3014=PLANE('',#3357);
#3015=PLANE('',#3359);
#3016=PLANE('',#3374);
#3017=PLANE('',#3375);
#3018=PLANE('',#3376);
#3019=PLANE('',#3377);
#3020=PLANE('',#3378);
#3021=PLANE('',#3379);
#3022=PLANE('',#3380);
#3023=PLANE('',#3381);
#3024=PLANE('',#3382);
#3025=PLANE('',#3400);
#3026=PLANE('',#3401);
#3027=PLANE('',#3402);
#3028=PLANE('',#3411);
#3029=PLANE('',#3412);
#3030=PLANE('',#3414);
#3031=PLANE('',#3418);
#3032=PLANE('',#3421);
#3033=PLANE('',#3424);
#3034=PLANE('',#3427);
#3035=PLANE('',#3438);
#3036=PLANE('',#3439);
#3037=PLANE('',#3440);
#3038=PLANE('',#3444);
#3039=PLANE('',#3447);
#3040=PLANE('',#3452);
#3041=PLANE('',#3453);
#3042=PLANE('',#3454);
#3043=PLANE('',#3455);
#3044=PLANE('',#3456);
#3045=PLANE('',#3473);
#3046=PLANE('',#3474);
#3047=PLANE('',#3475);
#3048=PLANE('',#3486);
#3049=PLANE('',#3487);
#3050=PLANE('',#3488);
#3051=PLANE('',#3491);
#3052=PLANE('',#3498);
#3053=PLANE('',#3503);
#3054=PLANE('',#3506);
#3055=PLANE('',#3515);
#3056=PLANE('',#3516);
#3057=PLANE('',#3517);
#3058=PLANE('',#3518);
#3059=PLANE('',#3519);
#3060=PLANE('',#3520);
#3061=PLANE('',#3521);
#3062=PLANE('',#3522);
#3063=PLANE('',#3523);
#3064=PLANE('',#3527);
#3065=PLANE('',#3528);
#3066=PLANE('',#3529);
#3067=PLANE('',#3533);
#3068=PLANE('',#3534);
#3069=PLANE('',#3538);
#3070=PLANE('',#3539);
#3071=PLANE('',#3540);
#3072=PLANE('',#3541);
#3073=PLANE('',#3545);
#3074=PLANE('',#3546);
#3075=PLANE('',#3550);
#3076=PLANE('',#3551);
#3077=PLANE('',#3552);
#3078=PLANE('',#3553);
#3079=ADVANCED_FACE('',(#249),#2968,.F.);
#3080=ADVANCED_FACE('',(#250),#2969,.T.);
#3081=ADVANCED_FACE('',(#251),#2970,.F.);
#3082=ADVANCED_FACE('',(#252),#2971,.F.);
#3083=ADVANCED_FACE('',(#253),#2972,.T.);
#3084=ADVANCED_FACE('',(#254),#2973,.F.);
#3085=ADVANCED_FACE('',(#255),#2974,.F.);
#3086=ADVANCED_FACE('',(#256),#2975,.T.);
#3087=ADVANCED_FACE('',(#257),#2976,.T.);
#3088=ADVANCED_FACE('',(#258,#91),#2977,.T.);
#3089=ADVANCED_FACE('',(#259),#2978,.F.);
#3090=ADVANCED_FACE('',(#260),#2979,.T.);
#3091=ADVANCED_FACE('',(#261),#37,.T.);
#3092=ADVANCED_FACE('',(#262,#92,#93,#94,#95,#96),#2980,.T.);
#3093=ADVANCED_FACE('',(#263,#97),#2981,.F.);
#3094=ADVANCED_FACE('',(#264),#38,.T.);
#3095=ADVANCED_FACE('',(#265),#39,.F.);
#3096=ADVANCED_FACE('',(#266,#98),#40,.F.);
#3097=ADVANCED_FACE('',(#267),#41,.F.);
#3098=ADVANCED_FACE('',(#268,#99),#42,.F.);
#3099=ADVANCED_FACE('',(#269),#2982,.T.);
#3100=ADVANCED_FACE('',(#270),#2983,.T.);
#3101=ADVANCED_FACE('',(#271),#2984,.T.);
#3102=ADVANCED_FACE('',(#272,#100),#2985,.T.);
#3103=ADVANCED_FACE('',(#273),#2986,.F.);
#3104=ADVANCED_FACE('',(#274),#2987,.F.);
#3105=ADVANCED_FACE('',(#275),#2988,.F.);
#3106=ADVANCED_FACE('',(#276),#2989,.F.);
#3107=ADVANCED_FACE('',(#277),#2990,.F.);
#3108=ADVANCED_FACE('',(#278),#2991,.F.);
#3109=ADVANCED_FACE('',(#279),#2992,.F.);
#3110=ADVANCED_FACE('',(#280),#2993,.F.);
#3111=ADVANCED_FACE('',(#281,#101),#2994,.F.);
#3112=ADVANCED_FACE('',(#282),#43,.F.);
#3113=ADVANCED_FACE('',(#283),#2995,.T.);
#3114=ADVANCED_FACE('',(#284,#102),#2996,.T.);
#3115=ADVANCED_FACE('',(#285),#2997,.T.);
#3116=ADVANCED_FACE('',(#286,#103),#2998,.T.);
#3117=ADVANCED_FACE('',(#287),#2999,.T.);
#3118=ADVANCED_FACE('',(#288),#3000,.F.);
#3119=ADVANCED_FACE('',(#289),#3001,.F.);
#3120=ADVANCED_FACE('',(#290),#3002,.F.);
#3121=ADVANCED_FACE('',(#291,#104),#3003,.F.);
#3122=ADVANCED_FACE('',(#292),#3004,.F.);
#3123=ADVANCED_FACE('',(#293),#3005,.T.);
#3124=ADVANCED_FACE('',(#294),#3006,.T.);
#3125=ADVANCED_FACE('',(#295),#3007,.T.);
#3126=ADVANCED_FACE('',(#296),#3008,.T.);
#3127=ADVANCED_FACE('',(#297),#44,.F.);
#3128=ADVANCED_FACE('',(#298),#3009,.T.);
#3129=ADVANCED_FACE('',(#299),#3010,.T.);
#3130=ADVANCED_FACE('',(#300),#3011,.T.);
#3131=ADVANCED_FACE('',(#301),#3012,.T.);
#3132=ADVANCED_FACE('',(#302),#17,.T.);
#3133=ADVANCED_FACE('',(#303),#45,.T.);
#3134=ADVANCED_FACE('',(#304),#18,.T.);
#3135=ADVANCED_FACE('',(#305),#46,.T.);
#3136=ADVANCED_FACE('',(#306),#47,.T.);
#3137=ADVANCED_FACE('',(#307),#48,.T.);
#3138=ADVANCED_FACE('',(#308),#49,.T.);
#3139=ADVANCED_FACE('',(#309),#3013,.T.);
#3140=ADVANCED_FACE('',(#310),#3014,.T.);
#3141=ADVANCED_FACE('',(#311),#3015,.F.);
#3142=ADVANCED_FACE('',(#312),#50,.F.);
#3143=ADVANCED_FACE('',(#313),#51,.F.);
#3144=ADVANCED_FACE('',(#314),#52,.F.);
#3145=ADVANCED_FACE('',(#315),#53,.F.);
#3146=ADVANCED_FACE('',(#316),#3016,.F.);
#3147=ADVANCED_FACE('',(#317,#105,#106,#107,#108,#109),#3017,.F.);
#3148=ADVANCED_FACE('',(#318),#3018,.F.);
#3149=ADVANCED_FACE('',(#319),#3019,.F.);
#3150=ADVANCED_FACE('',(#320,#110),#3020,.T.);
#3151=ADVANCED_FACE('',(#321),#3021,.T.);
#3152=ADVANCED_FACE('',(#322),#3022,.T.);
#3153=ADVANCED_FACE('',(#323),#3023,.T.);
#3154=ADVANCED_FACE('',(#324),#3024,.T.);
#3155=ADVANCED_FACE('',(#325),#19,.T.);
#3156=ADVANCED_FACE('',(#326),#54,.T.);
#3157=ADVANCED_FACE('',(#327),#20,.T.);
#3158=ADVANCED_FACE('',(#328),#55,.T.);
#3159=ADVANCED_FACE('',(#329),#56,.T.);
#3160=ADVANCED_FACE('',(#330),#57,.T.);
#3161=ADVANCED_FACE('',(#331),#58,.T.);
#3162=ADVANCED_FACE('',(#332),#3025,.F.);
#3163=ADVANCED_FACE('',(#333),#3026,.F.);
#3164=ADVANCED_FACE('',(#334,#111,#112,#113,#114,#115),#3027,.F.);
#3165=ADVANCED_FACE('',(#335),#3028,.F.);
#3166=ADVANCED_FACE('',(#336),#3029,.F.);
#3167=ADVANCED_FACE('',(#337),#3030,.F.);
#3168=ADVANCED_FACE('',(#338),#59,.F.);
#3169=ADVANCED_FACE('',(#339),#3031,.F.);
#3170=ADVANCED_FACE('',(#340),#60,.F.);
#3171=ADVANCED_FACE('',(#341),#3032,.F.);
#3172=ADVANCED_FACE('',(#342),#61,.F.);
#3173=ADVANCED_FACE('',(#343),#3033,.F.);
#3174=ADVANCED_FACE('',(#344),#62,.F.);
#3175=ADVANCED_FACE('',(#345),#3034,.F.);
#3176=ADVANCED_FACE('',(#346),#63,.F.);
#3177=ADVANCED_FACE('',(#347),#64,.F.);
#3178=ADVANCED_FACE('',(#348),#65,.F.);
#3179=ADVANCED_FACE('',(#349),#66,.F.);
#3180=ADVANCED_FACE('',(#350,#116),#3035,.F.);
#3181=ADVANCED_FACE('',(#351),#3036,.F.);
#3182=ADVANCED_FACE('',(#352),#3037,.F.);
#3183=ADVANCED_FACE('',(#353),#67,.T.);
#3184=ADVANCED_FACE('',(#354),#3038,.F.);
#3185=ADVANCED_FACE('',(#355),#3039,.T.);
#3186=ADVANCED_FACE('',(#356),#68,.T.);
#3187=ADVANCED_FACE('',(#357),#69,.T.);
#3188=ADVANCED_FACE('',(#358),#3040,.T.);
#3189=ADVANCED_FACE('',(#359),#3041,.T.);
#3190=ADVANCED_FACE('',(#360),#3042,.T.);
#3191=ADVANCED_FACE('',(#361),#3043,.T.);
#3192=ADVANCED_FACE('',(#362,#117,#118,#119),#3044,.T.);
#3193=ADVANCED_FACE('',(#363),#3045,.T.);
#3194=ADVANCED_FACE('',(#364),#3046,.T.);
#3195=ADVANCED_FACE('',(#365),#3047,.T.);
#3196=ADVANCED_FACE('',(#366),#70,.F.);
#3197=ADVANCED_FACE('',(#367),#71,.F.);
#3198=ADVANCED_FACE('',(#368),#72,.F.);
#3199=ADVANCED_FACE('',(#369),#73,.F.);
#3200=ADVANCED_FACE('',(#370),#74,.T.);
#3201=ADVANCED_FACE('',(#371),#3048,.T.);
#3202=ADVANCED_FACE('',(#372),#3049,.T.);
#3203=ADVANCED_FACE('',(#373),#3050,.T.);
#3204=ADVANCED_FACE('',(#374),#75,.F.);
#3205=ADVANCED_FACE('',(#375),#3051,.T.);
#3206=ADVANCED_FACE('',(#376),#76,.T.);
#3207=ADVANCED_FACE('',(#377),#77,.F.);
#3208=ADVANCED_FACE('',(#378),#78,.T.);
#3209=ADVANCED_FACE('',(#379),#3052,.T.);
#3210=ADVANCED_FACE('',(#380),#79,.T.);
#3211=ADVANCED_FACE('',(#381),#80,.F.);
#3212=ADVANCED_FACE('',(#382),#3053,.T.);
#3213=ADVANCED_FACE('',(#383),#81,.F.);
#3214=ADVANCED_FACE('',(#384),#3054,.T.);
#3215=ADVANCED_FACE('',(#385),#82,.T.);
#3216=ADVANCED_FACE('',(#386),#83,.T.);
#3217=ADVANCED_FACE('',(#387),#84,.T.);
#3218=ADVANCED_FACE('',(#388),#85,.F.);
#3219=ADVANCED_FACE('',(#389),#3055,.F.);
#3220=ADVANCED_FACE('',(#390,#120,#121,#122),#3056,.F.);
#3221=ADVANCED_FACE('',(#391),#3057,.T.);
#3222=ADVANCED_FACE('',(#392),#3058,.F.);
#3223=ADVANCED_FACE('',(#393),#3059,.T.);
#3224=ADVANCED_FACE('',(#394),#3060,.T.);
#3225=ADVANCED_FACE('',(#395),#3061,.T.);
#3226=ADVANCED_FACE('',(#396),#3062,.F.);
#3227=ADVANCED_FACE('',(#397,#123),#3063,.F.);
#3228=ADVANCED_FACE('',(#398),#86,.F.);
#3229=ADVANCED_FACE('',(#399),#3064,.F.);
#3230=ADVANCED_FACE('',(#400,#124),#3065,.T.);
#3231=ADVANCED_FACE('',(#401),#3066,.F.);
#3232=ADVANCED_FACE('',(#402),#87,.T.);
#3233=ADVANCED_FACE('',(#403),#3067,.T.);
#3234=ADVANCED_FACE('',(#404),#3068,.T.);
#3235=ADVANCED_FACE('',(#405),#88,.T.);
#3236=ADVANCED_FACE('',(#406),#3069,.T.);
#3237=ADVANCED_FACE('',(#407),#3070,.T.);
#3238=ADVANCED_FACE('',(#408),#3071,.T.);
#3239=ADVANCED_FACE('',(#409),#3072,.T.);
#3240=ADVANCED_FACE('',(#410),#89,.T.);
#3241=ADVANCED_FACE('',(#411),#3073,.T.);
#3242=ADVANCED_FACE('',(#412),#3074,.T.);
#3243=ADVANCED_FACE('',(#413),#90,.T.);
#3244=ADVANCED_FACE('',(#414),#3075,.T.);
#3245=ADVANCED_FACE('',(#415),#3076,.T.);
#3246=ADVANCED_FACE('',(#416),#3077,.T.);
#3247=ADVANCED_FACE('',(#417),#3078,.F.);
#3248=CLOSED_SHELL('',(#3079,#3080,#3081,#3082,#3083,#3084,#3085,#3086,
#3087,#3088,#3089,#3090,#3091,#3092,#3093,#3094,#3095,#3096,#3097,#3098,
#3099,#3100,#3101,#3102,#3103,#3104,#3105,#3106,#3107,#3108,#3109,#3110,
#3111,#3112,#3113,#3114,#3115,#3116,#3117,#3118,#3119,#3120,#3121,#3122,
#3123,#3124,#3125,#3126,#3127,#3128,#3129,#3130,#3131));
#3249=CLOSED_SHELL('',(#3132,#3133,#3134,#3135,#3136,#3137,#3138,#3139,
#3140,#3141,#3142,#3143,#3144,#3145,#3146,#3147,#3148,#3149,#3150,#3151,
#3152,#3153,#3154));
#3250=CLOSED_SHELL('',(#3155,#3156,#3157,#3158,#3159,#3160,#3161,#3162,
#3163,#3164,#3165,#3166,#3167,#3168,#3169,#3170,#3171,#3172,#3173,#3174,
#3175,#3176,#3177,#3178,#3179,#3180,#3181));
#3251=CLOSED_SHELL('',(#3182,#3183,#3184,#3185,#3186,#3187));
#3252=CLOSED_SHELL('',(#3188,#3189,#3190,#3191,#3192,#3193,#3194,#3195,
#3196,#3197,#3198,#3199,#3200,#3201,#3202,#3203,#3204,#3205,#3206,#3207,
#3208,#3209,#3210,#3211,#3212,#3213,#3214,#3215,#3216,#3217,#3218,#3219,
#3220,#3221,#3222));
#3253=CLOSED_SHELL('',(#3223,#3224,#3225,#3226,#3227,#3228,#3229,#3230,
#3231));
#3254=CLOSED_SHELL('',(#3232,#3233,#3234,#3235,#3236,#3237,#3238,#3239));
#3255=CLOSED_SHELL('',(#3240,#3241,#3242,#3243,#3244,#3245,#3246,#3247));
#3256=AXIS2_PLACEMENT_3D('',#4483,#3554,#3555);
#3257=AXIS2_PLACEMENT_3D('',#4484,#3556,#3557);
#3258=AXIS2_PLACEMENT_3D('',#4497,#3564,#3565);
#3259=AXIS2_PLACEMENT_3D('',#4515,#3575,#3576);
#3260=AXIS2_PLACEMENT_3D('',#4521,#3580,#3581);
#3261=AXIS2_PLACEMENT_3D('',#4527,#3584,#3585);
#3262=AXIS2_PLACEMENT_3D('',#4531,#3588,#3589);
#3263=AXIS2_PLACEMENT_3D('',#4535,#3592,#3593);
#3264=AXIS2_PLACEMENT_3D('',#4541,#3597,#3598);
#3265=AXIS2_PLACEMENT_3D('',#4549,#3603,#3604);
#3266=AXIS2_PLACEMENT_3D('',#4562,#3612,#3613);
#3267=AXIS2_PLACEMENT_3D('',#4570,#3617,#3618);
#3268=AXIS2_PLACEMENT_3D('',#4574,#3620,#3621);
#3269=AXIS2_PLACEMENT_3D('',#4578,#3624,#3625);
#3270=AXIS2_PLACEMENT_3D('',#4581,#3627,#3628);
#3271=AXIS2_PLACEMENT_3D('',#4582,#3629,#3630);
#3272=AXIS2_PLACEMENT_3D('',#4583,#3631,#3632);
#3273=AXIS2_PLACEMENT_3D('',#4587,#3635,#3636);
#3274=AXIS2_PLACEMENT_3D('',#4590,#3637,#3638);
#3275=AXIS2_PLACEMENT_3D('',#4594,#3640,#3641);
#3276=AXIS2_PLACEMENT_3D('',#4596,#3643,#3644);
#3277=AXIS2_PLACEMENT_3D('',#4600,#3646,#3647);
#3278=AXIS2_PLACEMENT_3D('',#4615,#3655,#3656);
#3279=AXIS2_PLACEMENT_3D('',#4617,#3657,#3658);
#3280=AXIS2_PLACEMENT_3D('',#4619,#3659,#3660);
#3281=AXIS2_PLACEMENT_3D('',#4621,#3661,#3662);
#3282=AXIS2_PLACEMENT_3D('',#4622,#3663,#3664);
#3283=AXIS2_PLACEMENT_3D('',#4634,#3671,#3672);
#3284=AXIS2_PLACEMENT_3D('',#4636,#3673,#3674);
#3285=AXIS2_PLACEMENT_3D('',#4638,#3676,#3677);
#3286=AXIS2_PLACEMENT_3D('',#4642,#3679,#3680);
#3287=AXIS2_PLACEMENT_3D('',#4646,#3682,#3683);
#3288=AXIS2_PLACEMENT_3D('',#4649,#3685,#3686);
#3289=AXIS2_PLACEMENT_3D('',#4650,#3687,#3688);
#3290=AXIS2_PLACEMENT_3D('',#4654,#3690,#3691);
#3291=AXIS2_PLACEMENT_3D('',#4658,#3694,#3695);
#3292=AXIS2_PLACEMENT_3D('',#4661,#3697,#3698);
#3293=AXIS2_PLACEMENT_3D('',#4662,#3699,#3700);
#3294=AXIS2_PLACEMENT_3D('',#4666,#3702,#3703);
#3295=AXIS2_PLACEMENT_3D('',#4670,#3705,#3706);
#3296=AXIS2_PLACEMENT_3D('',#4673,#3708,#3709);
#3297=AXIS2_PLACEMENT_3D('',#4674,#3710,#3711);
#3298=AXIS2_PLACEMENT_3D('',#4678,#3713,#3714);
#3299=AXIS2_PLACEMENT_3D('',#4682,#3717,#3718);
#3300=AXIS2_PLACEMENT_3D('',#4684,#3719,#3720);
#3301=AXIS2_PLACEMENT_3D('',#4686,#3721,#3722);
#3302=AXIS2_PLACEMENT_3D('',#4688,#3724,#3725);
#3303=AXIS2_PLACEMENT_3D('',#4691,#3728,#3729);
#3304=AXIS2_PLACEMENT_3D('',#4693,#3731,#3732);
#3305=AXIS2_PLACEMENT_3D('',#4699,#3737,#3738);
#3306=AXIS2_PLACEMENT_3D('',#4709,#3744,#3745);
#3307=AXIS2_PLACEMENT_3D('',#4715,#3749,#3750);
#3308=AXIS2_PLACEMENT_3D('',#4719,#3753,#3754);
#3309=AXIS2_PLACEMENT_3D('',#4723,#3757,#3758);
#3310=AXIS2_PLACEMENT_3D('',#4725,#3760,#3761);
#3311=AXIS2_PLACEMENT_3D('',#4734,#3766,#3767);
#3312=AXIS2_PLACEMENT_3D('',#4740,#3771,#3772);
#3313=AXIS2_PLACEMENT_3D('',#4746,#3776,#3777);
#3314=AXIS2_PLACEMENT_3D('',#4749,#3780,#3781);
#3315=AXIS2_PLACEMENT_3D('',#4750,#3782,#3783);
#3316=AXIS2_PLACEMENT_3D('',#4752,#3784,#3785);
#3317=AXIS2_PLACEMENT_3D('',#4755,#3787,#3788);
#3318=AXIS2_PLACEMENT_3D('',#4756,#3789,#3790);
#3319=AXIS2_PLACEMENT_3D('',#4757,#3791,#3792);
#3320=AXIS2_PLACEMENT_3D('',#4760,#3795,#3796);
#3321=AXIS2_PLACEMENT_3D('',#4762,#3798,#3799);
#3322=AXIS2_PLACEMENT_3D('',#4764,#3801,#3802);
#3323=AXIS2_PLACEMENT_3D('',#4765,#3803,#3804);
#3324=AXIS2_PLACEMENT_3D('',#4771,#3808,#3809);
#3325=AXIS2_PLACEMENT_3D('',#4773,#3811,#3812);
#3326=AXIS2_PLACEMENT_3D('',#4775,#3814,#3815);
#3327=AXIS2_PLACEMENT_3D('',#4777,#3817,#3818);
#3328=AXIS2_PLACEMENT_3D('',#4779,#3820,#3821);
#3329=AXIS2_PLACEMENT_3D('',#4783,#3824,#3825);
#3330=AXIS2_PLACEMENT_3D('',#4787,#3828,#3829);
#3331=AXIS2_PLACEMENT_3D('',#4789,#3831,#3832);
#3332=AXIS2_PLACEMENT_3D('',#4793,#3835,#3836);
#3333=AXIS2_PLACEMENT_3D('',#4796,#3838,#3839);
#3334=AXIS2_PLACEMENT_3D('',#4797,#3840,#3841);
#3335=AXIS2_PLACEMENT_3D('',#4798,#3842,#3843);
#3336=AXIS2_PLACEMENT_3D('',#4800,#3845,#3846);
#3337=AXIS2_PLACEMENT_3D('',#4801,#3847,#3848);
#3338=AXIS2_PLACEMENT_3D('',#4802,#3849,#3850);
#3339=AXIS2_PLACEMENT_3D('',#4805,#3851,#3852);
#3340=AXIS2_PLACEMENT_3D('',#4807,#3853,#3854);
#3341=AXIS2_PLACEMENT_3D('',#4808,#3855,#3856);
#3342=AXIS2_PLACEMENT_3D('',#4809,#3857,#3858);
#3343=AXIS2_PLACEMENT_3D('',#4812,#3859,#3860);
#3344=AXIS2_PLACEMENT_3D('',#4819,#3865,#3866);
#3345=AXIS2_PLACEMENT_3D('',#4822,#3867,#3868);
#3346=AXIS2_PLACEMENT_3D('',#4824,#3869,#3870);
#3347=AXIS2_PLACEMENT_3D('',#4825,#3871,#3872);
#3348=AXIS2_PLACEMENT_3D('',#4826,#3873,#3874);
#3349=AXIS2_PLACEMENT_3D('',#4833,#3879,#3880);
#3350=AXIS2_PLACEMENT_3D('',#4836,#3881,#3882);
#3351=AXIS2_PLACEMENT_3D('',#4843,#3887,#3888);
#3352=AXIS2_PLACEMENT_3D('',#4846,#3889,#3890);
#3353=AXIS2_PLACEMENT_3D('',#4849,#3893,#3894);
#3354=AXIS2_PLACEMENT_3D('',#4852,#3895,#3896);
#3355=AXIS2_PLACEMENT_3D('',#4855,#3899,#3900);
#3356=AXIS2_PLACEMENT_3D('',#4856,#3901,#3902);
#3357=AXIS2_PLACEMENT_3D('',#4857,#3903,#3904);
#3358=AXIS2_PLACEMENT_3D('',#4858,#3905,#3906);
#3359=AXIS2_PLACEMENT_3D('',#4859,#3907,#3908);
#3360=AXIS2_PLACEMENT_3D('',#4863,#3911,#3912);
#3361=AXIS2_PLACEMENT_3D('',#4865,#3913,#3914);
#3362=AXIS2_PLACEMENT_3D('',#4867,#3916,#3917);
#3363=AXIS2_PLACEMENT_3D('',#4868,#3918,#3919);
#3364=AXIS2_PLACEMENT_3D('',#4870,#3920,#3921);
#3365=AXIS2_PLACEMENT_3D('',#4872,#3923,#3924);
#3366=AXIS2_PLACEMENT_3D('',#4873,#3925,#3926);
#3367=AXIS2_PLACEMENT_3D('',#4875,#3927,#3928);
#3368=AXIS2_PLACEMENT_3D('',#4878,#3930,#3931);
#3369=AXIS2_PLACEMENT_3D('',#4879,#3932,#3933);
#3370=AXIS2_PLACEMENT_3D('',#4880,#3934,#3935);
#3371=AXIS2_PLACEMENT_3D('',#4882,#3936,#3937);
#3372=AXIS2_PLACEMENT_3D('',#4885,#3939,#3940);
#3373=AXIS2_PLACEMENT_3D('',#4886,#3941,#3942);
#3374=AXIS2_PLACEMENT_3D('',#4887,#3943,#3944);
#3375=AXIS2_PLACEMENT_3D('',#4892,#3948,#3949);
#3376=AXIS2_PLACEMENT_3D('',#4903,#3956,#3957);
#3377=AXIS2_PLACEMENT_3D('',#4904,#3958,#3959);
#3378=AXIS2_PLACEMENT_3D('',#4905,#3960,#3961);
#3379=AXIS2_PLACEMENT_3D('',#4914,#3966,#3967);
#3380=AXIS2_PLACEMENT_3D('',#4917,#3970,#3971);
#3381=AXIS2_PLACEMENT_3D('',#4919,#3973,#3974);
#3382=AXIS2_PLACEMENT_3D('',#4921,#3976,#3977);
#3383=AXIS2_PLACEMENT_3D('',#4922,#3978,#3979);
#3384=AXIS2_PLACEMENT_3D('',#4925,#3980,#3981);
#3385=AXIS2_PLACEMENT_3D('',#4927,#3982,#3983);
#3386=AXIS2_PLACEMENT_3D('',#4928,#3984,#3985);
#3387=AXIS2_PLACEMENT_3D('',#4929,#3986,#3987);
#3388=AXIS2_PLACEMENT_3D('',#4932,#3988,#3989);
#3389=AXIS2_PLACEMENT_3D('',#4935,#3992,#3993);
#3390=AXIS2_PLACEMENT_3D('',#4938,#3994,#3995);
#3391=AXIS2_PLACEMENT_3D('',#4940,#3996,#3997);
#3392=AXIS2_PLACEMENT_3D('',#4941,#3998,#3999);
#3393=AXIS2_PLACEMENT_3D('',#4942,#4000,#4001);
#3394=AXIS2_PLACEMENT_3D('',#4945,#4002,#4003);
#3395=AXIS2_PLACEMENT_3D('',#4952,#4008,#4009);
#3396=AXIS2_PLACEMENT_3D('',#4959,#4014,#4015);
#3397=AXIS2_PLACEMENT_3D('',#4962,#4016,#4017);
#3398=AXIS2_PLACEMENT_3D('',#4965,#4020,#4021);
#3399=AXIS2_PLACEMENT_3D('',#4968,#4022,#4023);
#3400=AXIS2_PLACEMENT_3D('',#4975,#4028,#4029);
#3401=AXIS2_PLACEMENT_3D('',#4979,#4032,#4033);
#3402=AXIS2_PLACEMENT_3D('',#4981,#4035,#4036);
#3403=AXIS2_PLACEMENT_3D('',#4986,#4039,#4040);
#3404=AXIS2_PLACEMENT_3D('',#4988,#4041,#4042);
#3405=AXIS2_PLACEMENT_3D('',#4990,#4043,#4044);
#3406=AXIS2_PLACEMENT_3D('',#4992,#4045,#4046);
#3407=AXIS2_PLACEMENT_3D('',#4997,#4048,#4049);
#3408=AXIS2_PLACEMENT_3D('',#5001,#4051,#4052);
#3409=AXIS2_PLACEMENT_3D('',#5005,#4054,#4055);
#3410=AXIS2_PLACEMENT_3D('',#5008,#4057,#4058);
#3411=AXIS2_PLACEMENT_3D('',#5009,#4059,#4060);
#3412=AXIS2_PLACEMENT_3D('',#5011,#4062,#4063);
#3413=AXIS2_PLACEMENT_3D('',#5012,#4064,#4065);
#3414=AXIS2_PLACEMENT_3D('',#5013,#4066,#4067);
#3415=AXIS2_PLACEMENT_3D('',#5014,#4068,#4069);
#3416=AXIS2_PLACEMENT_3D('',#5015,#4070,#4071);
#3417=AXIS2_PLACEMENT_3D('',#5018,#4072,#4073);
#3418=AXIS2_PLACEMENT_3D('',#5021,#4076,#4077);
#3419=AXIS2_PLACEMENT_3D('',#5025,#4080,#4081);
#3420=AXIS2_PLACEMENT_3D('',#5028,#4082,#4083);
#3421=AXIS2_PLACEMENT_3D('',#5031,#4086,#4087);
#3422=AXIS2_PLACEMENT_3D('',#5033,#4089,#4090);
#3423=AXIS2_PLACEMENT_3D('',#5036,#4091,#4092);
#3424=AXIS2_PLACEMENT_3D('',#5039,#4095,#4096);
#3425=AXIS2_PLACEMENT_3D('',#5041,#4098,#4099);
#3426=AXIS2_PLACEMENT_3D('',#5043,#4100,#4101);
#3427=AXIS2_PLACEMENT_3D('',#5045,#4103,#4104);
#3428=AXIS2_PLACEMENT_3D('',#5047,#4106,#4107);
#3429=AXIS2_PLACEMENT_3D('',#5049,#4109,#4110);
#3430=AXIS2_PLACEMENT_3D('',#5050,#4111,#4112);
#3431=AXIS2_PLACEMENT_3D('',#5052,#4114,#4115);
#3432=AXIS2_PLACEMENT_3D('',#5053,#4116,#4117);
#3433=AXIS2_PLACEMENT_3D('',#5056,#4119,#4120);
#3434=AXIS2_PLACEMENT_3D('',#5057,#4121,#4122);
#3435=AXIS2_PLACEMENT_3D('',#5058,#4123,#4124);
#3436=AXIS2_PLACEMENT_3D('',#5061,#4126,#4127);
#3437=AXIS2_PLACEMENT_3D('',#5062,#4128,#4129);
#3438=AXIS2_PLACEMENT_3D('',#5063,#4130,#4131);
#3439=AXIS2_PLACEMENT_3D('',#5065,#4133,#4134);
#3440=AXIS2_PLACEMENT_3D('',#5066,#4135,#4136);
#3441=AXIS2_PLACEMENT_3D('',#5075,#4141,#4142);
#3442=AXIS2_PLACEMENT_3D('',#5077,#4143,#4144);
#3443=AXIS2_PLACEMENT_3D('',#5080,#4146,#4147);
#3444=AXIS2_PLACEMENT_3D('',#5081,#4148,#4149);
#3445=AXIS2_PLACEMENT_3D('',#5083,#4150,#4151);
#3446=AXIS2_PLACEMENT_3D('',#5084,#4152,#4153);
#3447=AXIS2_PLACEMENT_3D('',#5085,#4154,#4155);
#3448=AXIS2_PLACEMENT_3D('',#5087,#4156,#4157);
#3449=AXIS2_PLACEMENT_3D('',#5088,#4158,#4159);
#3450=AXIS2_PLACEMENT_3D('',#5089,#4160,#4161);
#3451=AXIS2_PLACEMENT_3D('',#5091,#4163,#4164);
#3452=AXIS2_PLACEMENT_3D('',#5092,#4165,#4166);
#3453=AXIS2_PLACEMENT_3D('',#5101,#4171,#4172);
#3454=AXIS2_PLACEMENT_3D('',#5107,#4176,#4177);
#3455=AXIS2_PLACEMENT_3D('',#5116,#4182,#4183);
#3456=AXIS2_PLACEMENT_3D('',#5119,#4186,#4187);
#3457=AXIS2_PLACEMENT_3D('',#5129,#4192,#4193);
#3458=AXIS2_PLACEMENT_3D('',#5133,#4195,#4196);
#3459=AXIS2_PLACEMENT_3D('',#5135,#4197,#4198);
#3460=AXIS2_PLACEMENT_3D('',#5137,#4199,#4200);
#3461=AXIS2_PLACEMENT_3D('',#5139,#4201,#4202);
#3462=AXIS2_PLACEMENT_3D('',#5141,#4203,#4204);
#3463=AXIS2_PLACEMENT_3D('',#5145,#4206,#4207);
#3464=AXIS2_PLACEMENT_3D('',#5149,#4209,#4210);
#3465=AXIS2_PLACEMENT_3D('',#5151,#4211,#4212);
#3466=AXIS2_PLACEMENT_3D('',#5155,#4214,#4215);
#3467=AXIS2_PLACEMENT_3D('',#5157,#4216,#4217);
#3468=AXIS2_PLACEMENT_3D('',#5159,#4218,#4219);
#3469=AXIS2_PLACEMENT_3D('',#5163,#4221,#4222);
#3470=AXIS2_PLACEMENT_3D('',#5170,#4226,#4227);
#3471=AXIS2_PLACEMENT_3D('',#5172,#4228,#4229);
#3472=AXIS2_PLACEMENT_3D('',#5174,#4230,#4231);
#3473=AXIS2_PLACEMENT_3D('',#5175,#4232,#4233);
#3474=AXIS2_PLACEMENT_3D('',#5181,#4237,#4238);
#3475=AXIS2_PLACEMENT_3D('',#5185,#4241,#4242);
#3476=AXIS2_PLACEMENT_3D('',#5191,#4246,#4247);
#3477=AXIS2_PLACEMENT_3D('',#5193,#4248,#4249);
#3478=AXIS2_PLACEMENT_3D('',#5195,#4251,#4252);
#3479=AXIS2_PLACEMENT_3D('',#5197,#4253,#4254);
#3480=AXIS2_PLACEMENT_3D('',#5199,#4256,#4257);
#3481=AXIS2_PLACEMENT_3D('',#5201,#4258,#4259);
#3482=AXIS2_PLACEMENT_3D('',#5203,#4261,#4262);
#3483=AXIS2_PLACEMENT_3D('',#5206,#4263,#4264);
#3484=AXIS2_PLACEMENT_3D('',#5209,#4267,#4268);
#3485=AXIS2_PLACEMENT_3D('',#5211,#4269,#4270);
#3486=AXIS2_PLACEMENT_3D('',#5213,#4272,#4273);
#3487=AXIS2_PLACEMENT_3D('',#5217,#4276,#4277);
#3488=AXIS2_PLACEMENT_3D('',#5219,#4279,#4280);
#3489=AXIS2_PLACEMENT_3D('',#5225,#4284,#4285);
#3490=AXIS2_PLACEMENT_3D('',#5227,#4286,#4287);
#3491=AXIS2_PLACEMENT_3D('',#5229,#4289,#4290);
#3492=AXIS2_PLACEMENT_3D('',#5233,#4293,#4294);
#3493=AXIS2_PLACEMENT_3D('',#5235,#4295,#4296);
#3494=AXIS2_PLACEMENT_3D('',#5237,#4298,#4299);
#3495=AXIS2_PLACEMENT_3D('',#5239,#4300,#4301);
#3496=AXIS2_PLACEMENT_3D('',#5241,#4303,#4304);
#3497=AXIS2_PLACEMENT_3D('',#5243,#4305,#4306);
#3498=AXIS2_PLACEMENT_3D('',#5245,#4308,#4309);
#3499=AXIS2_PLACEMENT_3D('',#5249,#4312,#4313);
#3500=AXIS2_PLACEMENT_3D('',#5251,#4314,#4315);
#3501=AXIS2_PLACEMENT_3D('',#5253,#4317,#4318);
#3502=AXIS2_PLACEMENT_3D('',#5255,#4319,#4320);
#3503=AXIS2_PLACEMENT_3D('',#5257,#4322,#4323);
#3504=AXIS2_PLACEMENT_3D('',#5261,#4326,#4327);
#3505=AXIS2_PLACEMENT_3D('',#5263,#4328,#4329);
#3506=AXIS2_PLACEMENT_3D('',#5265,#4331,#4332);
#3507=AXIS2_PLACEMENT_3D('',#5269,#4335,#4336);
#3508=AXIS2_PLACEMENT_3D('',#5271,#4337,#4338);
#3509=AXIS2_PLACEMENT_3D('',#5273,#4340,#4341);
#3510=AXIS2_PLACEMENT_3D('',#5275,#4342,#4343);
#3511=AXIS2_PLACEMENT_3D('',#5277,#4345,#4346);
#3512=AXIS2_PLACEMENT_3D('',#5278,#4347,#4348);
#3513=AXIS2_PLACEMENT_3D('',#5279,#4349,#4350);
#3514=AXIS2_PLACEMENT_3D('',#5282,#4352,#4353);
#3515=AXIS2_PLACEMENT_3D('',#5283,#4354,#4355);
#3516=AXIS2_PLACEMENT_3D('',#5285,#4357,#4358);
#3517=AXIS2_PLACEMENT_3D('',#5289,#4361,#4362);
#3518=AXIS2_PLACEMENT_3D('',#5291,#4364,#4365);
#3519=AXIS2_PLACEMENT_3D('',#5292,#4366,#4367);
#3520=AXIS2_PLACEMENT_3D('',#5301,#4372,#4373);
#3521=AXIS2_PLACEMENT_3D('',#5307,#4377,#4378);
#3522=AXIS2_PLACEMENT_3D('',#5316,#4383,#4384);
#3523=AXIS2_PLACEMENT_3D('',#5319,#4387,#4388);
#3524=AXIS2_PLACEMENT_3D('',#5324,#4391,#4392);
#3525=AXIS2_PLACEMENT_3D('',#5325,#4393,#4394);
#3526=AXIS2_PLACEMENT_3D('',#5328,#4396,#4397);
#3527=AXIS2_PLACEMENT_3D('',#5329,#4398,#4399);
#3528=AXIS2_PLACEMENT_3D('',#5333,#4402,#4403);
#3529=AXIS2_PLACEMENT_3D('',#5335,#4405,#4406);
#3530=AXIS2_PLACEMENT_3D('',#5336,#4407,#4408);
#3531=AXIS2_PLACEMENT_3D('',#5339,#4409,#4410);
#3532=AXIS2_PLACEMENT_3D('',#5343,#4412,#4413);
#3533=AXIS2_PLACEMENT_3D('',#5345,#4415,#4416);
#3534=AXIS2_PLACEMENT_3D('',#5351,#4420,#4421);
#3535=AXIS2_PLACEMENT_3D('',#5358,#4425,#4426);
#3536=AXIS2_PLACEMENT_3D('',#5359,#4427,#4428);
#3537=AXIS2_PLACEMENT_3D('',#5362,#4430,#4431);
#3538=AXIS2_PLACEMENT_3D('',#5363,#4432,#4433);
#3539=AXIS2_PLACEMENT_3D('',#5367,#4436,#4437);
#3540=AXIS2_PLACEMENT_3D('',#5371,#4440,#4441);
#3541=AXIS2_PLACEMENT_3D('',#5373,#4443,#4444);
#3542=AXIS2_PLACEMENT_3D('',#5374,#4445,#4446);
#3543=AXIS2_PLACEMENT_3D('',#5377,#4447,#4448);
#3544=AXIS2_PLACEMENT_3D('',#5381,#4450,#4451);
#3545=AXIS2_PLACEMENT_3D('',#5383,#4453,#4454);
#3546=AXIS2_PLACEMENT_3D('',#5389,#4458,#4459);
#3547=AXIS2_PLACEMENT_3D('',#5396,#4463,#4464);
#3548=AXIS2_PLACEMENT_3D('',#5397,#4465,#4466);
#3549=AXIS2_PLACEMENT_3D('',#5399,#4467,#4468);
#3550=AXIS2_PLACEMENT_3D('',#5401,#4470,#4471);
#3551=AXIS2_PLACEMENT_3D('',#5407,#4475,#4476);
#3552=AXIS2_PLACEMENT_3D('',#5409,#4478,#4479);
#3553=AXIS2_PLACEMENT_3D('',#5411,#4481,#4482);
#3554=DIRECTION('axis',(0.,0.,1.));
#3555=DIRECTION('refdir',(1.,0.,0.));
#3556=DIRECTION('center_axis',(0.,0.,-1.));
#3557=DIRECTION('ref_axis',(-1.,0.,0.));
#3558=DIRECTION('',(-1.,0.,0.));
#3559=DIRECTION('',(0.,-1.,0.));
#3560=DIRECTION('',(1.,0.,0.));
#3561=DIRECTION('',(0.,1.,0.));
#3562=DIRECTION('',(-1.,0.,0.));
#3563=DIRECTION('',(0.,-1.,0.));
#3564=DIRECTION('center_axis',(-1.,0.,0.));
#3565=DIRECTION('ref_axis',(0.,0.,1.));
#3566=DIRECTION('',(0.,0.,-1.));
#3567=DIRECTION('',(0.,0.,-1.));
#3568=DIRECTION('',(0.,1.,0.));
#3569=DIRECTION('',(0.,0.,-1.));
#3570=DIRECTION('',(0.,1.,0.));
#3571=DIRECTION('',(0.,0.,1.));
#3572=DIRECTION('',(0.,1.,0.));
#3573=DIRECTION('',(0.,0.,1.));
#3574=DIRECTION('',(0.,1.,0.));
#3575=DIRECTION('center_axis',(1.,0.,0.));
#3576=DIRECTION('ref_axis',(0.,0.,-1.));
#3577=DIRECTION('',(0.,0.,-1.));
#3578=DIRECTION('',(0.,-1.,0.));
#3579=DIRECTION('',(0.,0.,1.));
#3580=DIRECTION('center_axis',(0.,-1.,0.));
#3581=DIRECTION('ref_axis',(0.,0.,-1.));
#3582=DIRECTION('',(-1.,0.,0.));
#3583=DIRECTION('',(0.,0.,1.));
#3584=DIRECTION('center_axis',(0.,-1.,0.));
#3585=DIRECTION('ref_axis',(-1.,0.,0.));
#3586=DIRECTION('',(1.,0.,0.));
#3587=DIRECTION('',(0.,0.,1.));
#3588=DIRECTION('center_axis',(0.,0.,1.));
#3589=DIRECTION('ref_axis',(1.,0.,0.));
#3590=DIRECTION('',(-1.,0.,0.));
#3591=DIRECTION('',(0.,-1.,0.));
#3592=DIRECTION('center_axis',(0.,0.,-1.));
#3593=DIRECTION('ref_axis',(-1.,0.,0.));
#3594=DIRECTION('',(1.,0.,0.));
#3595=DIRECTION('',(0.,1.,0.));
#3596=DIRECTION('',(-1.,0.,0.));
#3597=DIRECTION('center_axis',(0.,-1.,0.));
#3598=DIRECTION('ref_axis',(0.,0.,-1.));
#3599=DIRECTION('',(1.,0.,0.));
#3600=DIRECTION('',(0.,0.,-1.));
#3601=DIRECTION('',(-1.,0.,0.));
#3602=DIRECTION('',(0.,0.,-1.));
#3603=DIRECTION('center_axis',(0.,0.,1.));
#3604=DIRECTION('ref_axis',(1.,0.,0.));
#3605=DIRECTION('',(-1.,0.,0.));
#3606=DIRECTION('',(0.,-1.,0.));
#3607=DIRECTION('',(0.,1.,0.));
#3608=DIRECTION('',(1.,0.,0.));
#3609=DIRECTION('',(0.,-1.,0.));
#3610=DIRECTION('',(1.,0.,0.));
#3611=DIRECTION('',(0.,1.,0.));
#3612=DIRECTION('center_axis',(0.,-1.,0.));
#3613=DIRECTION('ref_axis',(1.,0.,0.));
#3614=DIRECTION('',(0.,0.,1.));
#3615=DIRECTION('',(1.,0.,0.));
#3616=DIRECTION('',(0.,0.,1.));
#3617=DIRECTION('center_axis',(0.,1.,0.));
#3618=DIRECTION('ref_axis',(-1.,0.,0.));
#3619=DIRECTION('',(-1.,0.,0.));
#3620=DIRECTION('center_axis',(0.,1.,0.));
#3621=DIRECTION('ref_axis',(-1.,0.,0.));
#3622=DIRECTION('',(0.,0.,-1.));
#3623=DIRECTION('',(1.,0.,0.));
#3624=DIRECTION('center_axis',(0.,1.,0.));
#3625=DIRECTION('ref_axis',(0.,0.,1.));
#3626=DIRECTION('',(0.,0.,-1.));
#3627=DIRECTION('center_axis',(0.,-1.,0.));
#3628=DIRECTION('ref_axis',(-1.,0.,0.));
#3629=DIRECTION('center_axis',(-1.,0.,0.));
#3630=DIRECTION('ref_axis',(0.,0.,1.));
#3631=DIRECTION('center_axis',(0.,0.,1.));
#3632=DIRECTION('ref_axis',(1.,0.,0.));
#3633=DIRECTION('',(0.,-1.,0.));
#3634=DIRECTION('',(-1.,0.,0.));
#3635=DIRECTION('center_axis',(0.,1.,0.));
#3636=DIRECTION('ref_axis',(-0.707106781186542,0.,0.707106781186553));
#3637=DIRECTION('center_axis',(0.,-1.,0.));
#3638=DIRECTION('ref_axis',(-0.707106781186542,0.,0.707106781186553));
#3639=DIRECTION('',(0.,-1.,0.));
#3640=DIRECTION('center_axis',(0.,1.,0.));
#3641=DIRECTION('ref_axis',(-0.707106781186542,0.,0.707106781186553));
#3642=DIRECTION('',(0.,1.,0.));
#3643=DIRECTION('center_axis',(0.,1.,0.));
#3644=DIRECTION('ref_axis',(0.,0.,1.));
#3645=DIRECTION('',(1.,0.,0.));
#3646=DIRECTION('center_axis',(0.,-1.,0.));
#3647=DIRECTION('ref_axis',(0.707106781186548,0.,0.707106781186548));
#3648=DIRECTION('',(0.,0.,-1.));
#3649=DIRECTION('',(-1.,0.,0.));
#3650=DIRECTION('',(0.,0.,1.));
#3651=DIRECTION('',(0.,0.,1.));
#3652=DIRECTION('',(-1.,0.,0.));
#3653=DIRECTION('',(0.,0.,-1.));
#3654=DIRECTION('',(1.,0.,0.));
#3655=DIRECTION('center_axis',(0.,-1.,0.));
#3656=DIRECTION('ref_axis',(-1.,0.,0.));
#3657=DIRECTION('center_axis',(0.,-1.,0.));
#3658=DIRECTION('ref_axis',(-1.,0.,0.));
#3659=DIRECTION('center_axis',(0.,-1.,0.));
#3660=DIRECTION('ref_axis',(-1.,0.,0.));
#3661=DIRECTION('center_axis',(0.,-1.,0.));
#3662=DIRECTION('ref_axis',(-1.,0.,0.));
#3663=DIRECTION('center_axis',(0.,0.,-1.));
#3664=DIRECTION('ref_axis',(-1.,0.,0.));
#3665=DIRECTION('',(-1.,0.,0.));
#3666=DIRECTION('',(0.,-1.,0.));
#3667=DIRECTION('',(0.,1.,0.));
#3668=DIRECTION('',(1.,0.,0.));
#3669=DIRECTION('',(0.,-1.,0.));
#3670=DIRECTION('',(-1.,0.,0.));
#3671=DIRECTION('center_axis',(0.,-1.,0.));
#3672=DIRECTION('ref_axis',(0.707106781186548,0.,0.707106781186548));
#3673=DIRECTION('center_axis',(0.,1.,0.));
#3674=DIRECTION('ref_axis',(0.707106781186548,0.,0.707106781186548));
#3675=DIRECTION('',(0.,1.,0.));
#3676=DIRECTION('center_axis',(0.,-1.,0.));
#3677=DIRECTION('ref_axis',(-1.,0.,0.));
#3678=DIRECTION('',(0.,-1.,0.));
#3679=DIRECTION('center_axis',(0.,1.,0.));
#3680=DIRECTION('ref_axis',(-1.,0.,0.));
#3681=DIRECTION('',(0.,-1.,0.));
#3682=DIRECTION('center_axis',(0.,1.,0.));
#3683=DIRECTION('ref_axis',(-1.,0.,0.));
#3684=DIRECTION('',(0.,1.,0.));
#3685=DIRECTION('center_axis',(0.,1.,0.));
#3686=DIRECTION('ref_axis',(-1.,0.,0.));
#3687=DIRECTION('center_axis',(0.,-1.,0.));
#3688=DIRECTION('ref_axis',(-1.,0.,0.));
#3689=DIRECTION('',(0.,-1.,0.));
#3690=DIRECTION('center_axis',(0.,1.,0.));
#3691=DIRECTION('ref_axis',(-1.,0.,0.));
#3692=DIRECTION('',(0.,-1.,0.));
#3693=DIRECTION('',(0.,1.,0.));
#3694=DIRECTION('center_axis',(0.,1.,0.));
#3695=DIRECTION('ref_axis',(-1.,0.,0.));
#3696=DIRECTION('',(0.,-1.,0.));
#3697=DIRECTION('center_axis',(0.,1.,0.));
#3698=DIRECTION('ref_axis',(-1.,0.,0.));
#3699=DIRECTION('center_axis',(0.,-1.,0.));
#3700=DIRECTION('ref_axis',(-1.,0.,0.));
#3701=DIRECTION('',(0.,-1.,0.));
#3702=DIRECTION('center_axis',(0.,1.,0.));
#3703=DIRECTION('ref_axis',(-1.,0.,0.));
#3704=DIRECTION('',(0.,-1.,0.));
#3705=DIRECTION('center_axis',(0.,1.,0.));
#3706=DIRECTION('ref_axis',(-1.,0.,0.));
#3707=DIRECTION('',(0.,1.,0.));
#3708=DIRECTION('center_axis',(0.,1.,0.));
#3709=DIRECTION('ref_axis',(-1.,0.,0.));
#3710=DIRECTION('center_axis',(0.,-1.,0.));
#3711=DIRECTION('ref_axis',(-1.,0.,0.));
#3712=DIRECTION('',(0.,-1.,0.));
#3713=DIRECTION('center_axis',(0.,1.,0.));
#3714=DIRECTION('ref_axis',(-1.,0.,0.));
#3715=DIRECTION('',(0.,-1.,0.));
#3716=DIRECTION('',(0.,1.,0.));
#3717=DIRECTION('center_axis',(0.,1.,0.));
#3718=DIRECTION('ref_axis',(-1.,0.,0.));
#3719=DIRECTION('center_axis',(0.,-1.,0.));
#3720=DIRECTION('ref_axis',(-1.,0.,0.));
#3721=DIRECTION('center_axis',(0.,1.,0.));
#3722=DIRECTION('ref_axis',(-1.,0.,0.));
#3723=DIRECTION('',(0.,1.,0.));
#3724=DIRECTION('center_axis',(0.,0.,-1.));
#3725=DIRECTION('ref_axis',(-1.,0.,0.));
#3726=DIRECTION('',(-1.,0.,0.));
#3727=DIRECTION('',(-1.,0.,0.));
#3728=DIRECTION('center_axis',(0.,0.,1.));
#3729=DIRECTION('ref_axis',(1.,0.,0.));
#3730=DIRECTION('',(1.,0.,0.));
#3731=DIRECTION('center_axis',(1.,0.,0.));
#3732=DIRECTION('ref_axis',(0.,0.,-1.));
#3733=DIRECTION('',(0.,0.,-1.));
#3734=DIRECTION('',(0.,1.,0.));
#3735=DIRECTION('',(0.,0.,-1.));
#3736=DIRECTION('',(0.,0.,-1.));
#3737=DIRECTION('center_axis',(0.,-1.,0.));
#3738=DIRECTION('ref_axis',(0.,0.,-1.));
#3739=DIRECTION('',(0.,0.,1.));
#3740=DIRECTION('',(-1.,0.,0.));
#3741=DIRECTION('',(0.,0.,1.));
#3742=DIRECTION('',(1.,0.,0.));
#3743=DIRECTION('',(0.,0.,-1.));
#3744=DIRECTION('center_axis',(1.,0.,0.));
#3745=DIRECTION('ref_axis',(0.,1.,0.));
#3746=DIRECTION('',(0.,0.,1.));
#3747=DIRECTION('',(0.,1.,0.));
#3748=DIRECTION('',(0.,0.,1.));
#3749=DIRECTION('center_axis',(0.,-1.,0.));
#3750=DIRECTION('ref_axis',(1.,0.,0.));
#3751=DIRECTION('',(1.,0.,0.));
#3752=DIRECTION('',(0.,0.,1.));
#3753=DIRECTION('center_axis',(-1.,0.,0.));
#3754=DIRECTION('ref_axis',(0.,-1.,0.));
#3755=DIRECTION('',(0.,-1.,0.));
#3756=DIRECTION('',(0.,0.,1.));
#3757=DIRECTION('center_axis',(0.,1.,0.));
#3758=DIRECTION('ref_axis',(-1.,0.,0.));
#3759=DIRECTION('',(-1.,0.,0.));
#3760=DIRECTION('center_axis',(1.,0.,0.));
#3761=DIRECTION('ref_axis',(0.,1.,0.));
#3762=DIRECTION('',(0.,1.,0.));
#3763=DIRECTION('',(0.,0.,1.));
#3764=DIRECTION('',(0.,1.,0.));
#3765=DIRECTION('',(0.,0.,1.));
#3766=DIRECTION('center_axis',(0.,-1.,0.));
#3767=DIRECTION('ref_axis',(1.,0.,0.));
#3768=DIRECTION('',(1.,0.,0.));
#3769=DIRECTION('',(0.,0.,1.));
#3770=DIRECTION('',(1.,0.,0.));
#3771=DIRECTION('center_axis',(-1.,0.,0.));
#3772=DIRECTION('ref_axis',(0.,-1.,0.));
#3773=DIRECTION('',(0.,-1.,0.));
#3774=DIRECTION('',(0.,0.,1.));
#3775=DIRECTION('',(0.,-1.,0.));
#3776=DIRECTION('center_axis',(0.,1.,0.));
#3777=DIRECTION('ref_axis',(-1.,0.,0.));
#3778=DIRECTION('',(-1.,0.,0.));
#3779=DIRECTION('',(-1.,0.,0.));
#3780=DIRECTION('center_axis',(0.,0.,1.));
#3781=DIRECTION('ref_axis',(1.,0.,0.));
#3782=DIRECTION('center_axis',(1.,0.,0.));
#3783=DIRECTION('ref_axis',(0.,-1.,0.));
#3784=DIRECTION('center_axis',(1.,0.,0.));
#3785=DIRECTION('ref_axis',(0.,-1.,0.));
#3786=DIRECTION('',(1.,0.,0.));
#3787=DIRECTION('center_axis',(1.,0.,0.));
#3788=DIRECTION('ref_axis',(0.,-1.,0.));
#3789=DIRECTION('center_axis',(-1.,0.,-2.46519032881566E-32));
#3790=DIRECTION('ref_axis',(0.,-1.,0.));
#3791=DIRECTION('center_axis',(0.,0.,-1.));
#3792=DIRECTION('ref_axis',(-1.,0.,0.));
#3793=DIRECTION('',(0.,1.,0.));
#3794=DIRECTION('',(0.,-1.,0.));
#3795=DIRECTION('center_axis',(1.,0.,0.));
#3796=DIRECTION('ref_axis',(0.,0.,-1.));
#3797=DIRECTION('',(0.,1.,0.));
#3798=DIRECTION('center_axis',(-1.,0.,0.));
#3799=DIRECTION('ref_axis',(0.,0.,1.));
#3800=DIRECTION('',(0.,1.,0.));
#3801=DIRECTION('center_axis',(0.,0.,1.));
#3802=DIRECTION('ref_axis',(1.,0.,0.));
#3803=DIRECTION('center_axis',(0.,0.,1.));
#3804=DIRECTION('ref_axis',(1.,0.,0.));
#3805=DIRECTION('',(0.,1.,0.));
#3806=DIRECTION('',(1.,0.,0.));
#3807=DIRECTION('',(0.,-1.,0.));
#3808=DIRECTION('center_axis',(1.,0.,0.));
#3809=DIRECTION('ref_axis',(0.,0.,-1.));
#3810=DIRECTION('',(0.,0.,-1.));
#3811=DIRECTION('center_axis',(-1.,0.,0.));
#3812=DIRECTION('ref_axis',(0.,0.,1.));
#3813=DIRECTION('',(0.,0.,1.));
#3814=DIRECTION('center_axis',(0.,1.,0.));
#3815=DIRECTION('ref_axis',(1.,0.,0.));
#3816=DIRECTION('',(0.,0.,1.));
#3817=DIRECTION('center_axis',(-1.,0.,0.));
#3818=DIRECTION('ref_axis',(0.,0.,1.));
#3819=DIRECTION('',(0.,1.,0.));
#3820=DIRECTION('center_axis',(0.,1.,0.));
#3821=DIRECTION('ref_axis',(-1.,0.,0.));
#3822=DIRECTION('',(-1.,0.,0.));
#3823=DIRECTION('',(0.,0.,1.));
#3824=DIRECTION('center_axis',(0.,0.,1.));
#3825=DIRECTION('ref_axis',(1.,0.,0.));
#3826=DIRECTION('',(1.,0.,0.));
#3827=DIRECTION('',(0.,-1.,0.));
#3828=DIRECTION('center_axis',(0.,-1.,0.));
#3829=DIRECTION('ref_axis',(1.,0.,0.));
#3830=DIRECTION('',(0.,0.,-1.));
#3831=DIRECTION('center_axis',(0.,0.,1.));
#3832=DIRECTION('ref_axis',(1.,0.,0.));
#3833=DIRECTION('',(0.,1.,0.));
#3834=DIRECTION('',(-1.,0.,0.));
#3835=DIRECTION('center_axis',(0.,-1.,0.));
#3836=DIRECTION('ref_axis',(-1.,0.,0.));
#3837=DIRECTION('',(0.,-1.,0.));
#3838=DIRECTION('center_axis',(0.,-1.,0.));
#3839=DIRECTION('ref_axis',(-1.,0.,0.));
#3840=DIRECTION('center_axis',(0.,1.,0.));
#3841=DIRECTION('ref_axis',(-1.,0.,0.));
#3842=DIRECTION('center_axis',(-1.,0.,0.));
#3843=DIRECTION('ref_axis',(0.,0.,1.));
#3844=DIRECTION('',(0.,0.,-1.));
#3845=DIRECTION('center_axis',(-1.,0.,0.));
#3846=DIRECTION('ref_axis',(0.,0.,1.));
#3847=DIRECTION('center_axis',(0.,1.,0.));
#3848=DIRECTION('ref_axis',(-1.,0.,0.));
#3849=DIRECTION('center_axis',(-0.408248290463865,-0.408248290463864,-0.816496580927725));
#3850=DIRECTION('ref_axis',(-0.577350269189628,-0.577350269189627,0.577350269189623));
#3851=DIRECTION('center_axis',(0.,-1.,0.));
#3852=DIRECTION('ref_axis',(-1.,0.,0.));
#3853=DIRECTION('center_axis',(0.,0.,1.));
#3854=DIRECTION('ref_axis',(0.,-1.,0.));
#3855=DIRECTION('center_axis',(-1.,0.,0.));
#3856=DIRECTION('ref_axis',(0.,0.,1.));
#3857=DIRECTION('center_axis',(0.,0.,-1.));
#3858=DIRECTION('ref_axis',(-0.707106781186548,-0.707106781186547,0.));
#3859=DIRECTION('center_axis',(0.,0.,1.));
#3860=DIRECTION('ref_axis',(-0.707106781186548,-0.707106781186547,0.));
#3861=DIRECTION('',(0.,0.,1.));
#3862=DIRECTION('',(0.,0.,1.));
#3863=DIRECTION('',(0.,0.,1.));
#3864=DIRECTION('',(0.,0.,-1.));
#3865=DIRECTION('center_axis',(-0.816496580927725,-0.408248290463866,0.408248290463862));
#3866=DIRECTION('ref_axis',(0.577350269189625,-0.577350269189628,0.577350269189625));
#3867=DIRECTION('center_axis',(0.,-1.,0.));
#3868=DIRECTION('ref_axis',(0.,0.,1.));
#3869=DIRECTION('center_axis',(1.,0.,0.));
#3870=DIRECTION('ref_axis',(0.,-1.,0.));
#3871=DIRECTION('center_axis',(0.,0.,1.));
#3872=DIRECTION('ref_axis',(1.,0.,0.));
#3873=DIRECTION('center_axis',(-1.,0.,0.));
#3874=DIRECTION('ref_axis',(0.,-0.707106781186542,0.707106781186553));
#3875=DIRECTION('',(1.,0.,0.));
#3876=DIRECTION('',(1.,0.,0.));
#3877=DIRECTION('',(1.,0.,0.));
#3878=DIRECTION('',(-1.,0.,0.));
#3879=DIRECTION('center_axis',(0.,0.,1.));
#3880=DIRECTION('ref_axis',(0.707106781186552,-0.707106781186543,0.));
#3881=DIRECTION('center_axis',(0.,0.,1.));
#3882=DIRECTION('ref_axis',(0.707106781186552,-0.707106781186543,0.));
#3883=DIRECTION('',(0.,0.,1.));
#3884=DIRECTION('',(0.,0.,-1.));
#3885=DIRECTION('',(0.,0.,-1.));
#3886=DIRECTION('',(0.,0.,-1.));
#3887=DIRECTION('center_axis',(0.,-1.,0.));
#3888=DIRECTION('ref_axis',(0.707106781186548,0.,0.707106781186548));
#3889=DIRECTION('center_axis',(0.,-1.,0.));
#3890=DIRECTION('ref_axis',(0.707106781186548,0.,0.707106781186548));
#3891=DIRECTION('',(0.,-1.,0.));
#3892=DIRECTION('',(0.,1.,0.));
#3893=DIRECTION('center_axis',(0.,1.,0.));
#3894=DIRECTION('ref_axis',(-0.707106781186542,0.,0.707106781186553));
#3895=DIRECTION('center_axis',(0.,-1.,0.));
#3896=DIRECTION('ref_axis',(-0.707106781186542,0.,0.707106781186553));
#3897=DIRECTION('',(0.,-1.,0.));
#3898=DIRECTION('',(0.,1.,0.));
#3899=DIRECTION('center_axis',(0.,-1.,0.));
#3900=DIRECTION('ref_axis',(0.,0.,-1.));
#3901=DIRECTION('center_axis',(0.,1.,0.));
#3902=DIRECTION('ref_axis',(-1.,0.,0.));
#3903=DIRECTION('center_axis',(0.,-1.,0.));
#3904=DIRECTION('ref_axis',(0.,0.,-1.));
#3905=DIRECTION('center_axis',(0.,1.,0.));
#3906=DIRECTION('ref_axis',(-1.,0.,0.));
#3907=DIRECTION('center_axis',(1.,0.,0.));
#3908=DIRECTION('ref_axis',(0.,0.,-1.));
#3909=DIRECTION('',(0.,0.,1.));
#3910=DIRECTION('',(0.,-1.,0.));
#3911=DIRECTION('center_axis',(0.,-1.,0.));
#3912=DIRECTION('ref_axis',(-1.,0.,0.));
#3913=DIRECTION('center_axis',(0.,-1.,0.));
#3914=DIRECTION('ref_axis',(-1.,0.,0.));
#3915=DIRECTION('',(0.,-1.,0.));
#3916=DIRECTION('center_axis',(0.,1.,0.));
#3917=DIRECTION('ref_axis',(-1.,0.,0.));
#3918=DIRECTION('center_axis',(0.,-1.,0.));
#3919=DIRECTION('ref_axis',(-1.,0.,0.));
#3920=DIRECTION('center_axis',(0.,-1.,0.));
#3921=DIRECTION('ref_axis',(-1.,0.,0.));
#3922=DIRECTION('',(0.,-1.,0.));
#3923=DIRECTION('center_axis',(0.,1.,0.));
#3924=DIRECTION('ref_axis',(-1.,0.,0.));
#3925=DIRECTION('center_axis',(0.,-1.,0.));
#3926=DIRECTION('ref_axis',(-1.,0.,0.));
#3927=DIRECTION('center_axis',(0.,-1.,0.));
#3928=DIRECTION('ref_axis',(-1.,0.,0.));
#3929=DIRECTION('',(0.,-1.,0.));
#3930=DIRECTION('center_axis',(0.,1.,0.));
#3931=DIRECTION('ref_axis',(-1.,0.,0.));
#3932=DIRECTION('center_axis',(0.,1.,0.));
#3933=DIRECTION('ref_axis',(-1.,0.,0.));
#3934=DIRECTION('center_axis',(0.,-1.,0.));
#3935=DIRECTION('ref_axis',(-1.,0.,0.));
#3936=DIRECTION('center_axis',(0.,-1.,0.));
#3937=DIRECTION('ref_axis',(-1.,0.,0.));
#3938=DIRECTION('',(0.,-1.,0.));
#3939=DIRECTION('center_axis',(0.,1.,0.));
#3940=DIRECTION('ref_axis',(-1.,0.,0.));
#3941=DIRECTION('center_axis',(0.,1.,0.));
#3942=DIRECTION('ref_axis',(-1.,0.,0.));
#3943=DIRECTION('center_axis',(0.,0.,1.));
#3944=DIRECTION('ref_axis',(1.,0.,0.));
#3945=DIRECTION('',(1.,0.,0.));
#3946=DIRECTION('',(-1.,0.,0.));
#3947=DIRECTION('',(0.,1.,0.));
#3948=DIRECTION('center_axis',(0.,-1.,0.));
#3949=DIRECTION('ref_axis',(1.,0.,0.));
#3950=DIRECTION('',(0.,0.,-1.));
#3951=DIRECTION('',(1.,0.,0.));
#3952=DIRECTION('',(0.,0.,1.));
#3953=DIRECTION('',(-1.,0.,0.));
#3954=DIRECTION('',(0.,0.,-1.));
#3955=DIRECTION('',(1.,0.,0.));
#3956=DIRECTION('center_axis',(0.,0.,-1.));
#3957=DIRECTION('ref_axis',(-1.,0.,0.));
#3958=DIRECTION('center_axis',(-1.,0.,0.));
#3959=DIRECTION('ref_axis',(0.,0.,1.));
#3960=DIRECTION('center_axis',(0.,-1.,0.));
#3961=DIRECTION('ref_axis',(0.,0.,-1.));
#3962=DIRECTION('',(0.,0.,1.));
#3963=DIRECTION('',(1.,0.,0.));
#3964=DIRECTION('',(0.,0.,-1.));
#3965=DIRECTION('',(-1.,0.,0.));
#3966=DIRECTION('center_axis',(0.,0.,1.));
#3967=DIRECTION('ref_axis',(-1.,0.,0.));
#3968=DIRECTION('',(0.,-1.,0.));
#3969=DIRECTION('',(0.,-1.,0.));
#3970=DIRECTION('center_axis',(-1.,0.,0.));
#3971=DIRECTION('ref_axis',(0.,0.,-1.));
#3972=DIRECTION('',(0.,-1.,0.));
#3973=DIRECTION('center_axis',(0.,0.,-1.));
#3974=DIRECTION('ref_axis',(1.,0.,0.));
#3975=DIRECTION('',(0.,-1.,0.));
#3976=DIRECTION('center_axis',(1.,0.,0.));
#3977=DIRECTION('ref_axis',(0.,0.,1.));
#3978=DIRECTION('center_axis',(-0.408248290463865,0.408248290463863,-0.816496580927725));
#3979=DIRECTION('ref_axis',(-0.577350269189627,0.577350269189625,0.577350269189625));
#3980=DIRECTION('center_axis',(0.,0.,1.));
#3981=DIRECTION('ref_axis',(-1.,0.,0.));
#3982=DIRECTION('center_axis',(0.,1.,0.));
#3983=DIRECTION('ref_axis',(0.,0.,1.));
#3984=DIRECTION('center_axis',(-1.,0.,0.));
#3985=DIRECTION('ref_axis',(0.,1.,0.));
#3986=DIRECTION('center_axis',(0.,-1.,0.));
#3987=DIRECTION('ref_axis',(-0.707106781186542,0.,0.707106781186553));
#3988=DIRECTION('center_axis',(0.,1.,0.));
#3989=DIRECTION('ref_axis',(-0.707106781186542,0.,0.707106781186553));
#3990=DIRECTION('',(0.,1.,0.));
#3991=DIRECTION('',(0.,-1.,0.));
#3992=DIRECTION('center_axis',(0.408248290463863,-0.816496580927726,0.408248290463863));
#3993=DIRECTION('ref_axis',(0.577350269189626,0.577350269189626,0.577350269189626));
#3994=DIRECTION('center_axis',(0.,1.,0.));
#3995=DIRECTION('ref_axis',(1.,0.,0.));
#3996=DIRECTION('center_axis',(0.,0.,1.));
#3997=DIRECTION('ref_axis',(0.,1.,0.));
#3998=DIRECTION('center_axis',(1.,0.,0.));
#3999=DIRECTION('ref_axis',(0.,0.,1.));
#4000=DIRECTION('center_axis',(0.,0.,1.));
#4001=DIRECTION('ref_axis',(0.70710678118656,0.707106781186535,0.));
#4002=DIRECTION('center_axis',(0.,0.,1.));
#4003=DIRECTION('ref_axis',(0.70710678118656,0.707106781186535,0.));
#4004=DIRECTION('',(0.,0.,1.));
#4005=DIRECTION('',(0.,0.,1.));
#4006=DIRECTION('',(0.,0.,1.));
#4007=DIRECTION('',(0.,0.,-1.));
#4008=DIRECTION('center_axis',(-1.,0.,0.));
#4009=DIRECTION('ref_axis',(0.,0.707106781186535,0.70710678118656));
#4010=DIRECTION('',(1.,0.,0.));
#4011=DIRECTION('',(-1.,0.,0.));
#4012=DIRECTION('',(-1.,0.,0.));
#4013=DIRECTION('',(-1.,0.,0.));
#4014=DIRECTION('center_axis',(0.,1.,0.));
#4015=DIRECTION('ref_axis',(0.707106781186548,0.,0.707106781186548));
#4016=DIRECTION('center_axis',(0.,1.,0.));
#4017=DIRECTION('ref_axis',(0.707106781186548,0.,0.707106781186548));
#4018=DIRECTION('',(0.,1.,0.));
#4019=DIRECTION('',(0.,-1.,0.));
#4020=DIRECTION('center_axis',(0.,0.,-1.));
#4021=DIRECTION('ref_axis',(-0.707106781186555,0.70710678118654,0.));
#4022=DIRECTION('center_axis',(0.,0.,1.));
#4023=DIRECTION('ref_axis',(-0.707106781186555,0.70710678118654,0.));
#4024=DIRECTION('',(0.,0.,1.));
#4025=DIRECTION('',(0.,0.,-1.));
#4026=DIRECTION('',(0.,0.,-1.));
#4027=DIRECTION('',(0.,0.,-1.));
#4028=DIRECTION('center_axis',(-1.,0.,0.));
#4029=DIRECTION('ref_axis',(0.,0.,1.));
#4030=DIRECTION('',(0.,0.,1.));
#4031=DIRECTION('',(0.,1.,0.));
#4032=DIRECTION('center_axis',(0.,0.,-1.));
#4033=DIRECTION('ref_axis',(-1.,0.,0.));
#4034=DIRECTION('',(-1.,0.,0.));
#4035=DIRECTION('center_axis',(0.,1.,0.));
#4036=DIRECTION('ref_axis',(-1.,0.,0.));
#4037=DIRECTION('',(0.,0.,-1.));
#4038=DIRECTION('',(1.,0.,0.));
#4039=DIRECTION('center_axis',(0.,1.,0.));
#4040=DIRECTION('ref_axis',(-1.,0.,0.));
#4041=DIRECTION('center_axis',(0.,1.,0.));
#4042=DIRECTION('ref_axis',(-1.,0.,0.));
#4043=DIRECTION('center_axis',(0.,1.,0.));
#4044=DIRECTION('ref_axis',(-1.,0.,0.));
#4045=DIRECTION('center_axis',(0.,1.,0.));
#4046=DIRECTION('ref_axis',(-1.,0.,0.));
#4047=DIRECTION('',(-1.,0.,0.));
#4048=DIRECTION('center_axis',(0.,-1.,0.));
#4049=DIRECTION('ref_axis',(-0.707106781186546,0.,-0.707106781186549));
#4050=DIRECTION('',(0.,0.,1.));
#4051=DIRECTION('center_axis',(0.,-1.,0.));
#4052=DIRECTION('ref_axis',(-0.707106781186546,0.,0.707106781186549));
#4053=DIRECTION('',(1.,0.,0.));
#4054=DIRECTION('center_axis',(0.,-1.,0.));
#4055=DIRECTION('ref_axis',(0.707106781186546,0.,0.707106781186549));
#4056=DIRECTION('',(0.,0.,-1.));
#4057=DIRECTION('center_axis',(0.,-1.,0.));
#4058=DIRECTION('ref_axis',(0.707106781186546,0.,-0.707106781186549));
#4059=DIRECTION('center_axis',(1.,0.,0.));
#4060=DIRECTION('ref_axis',(0.,0.,-1.));
#4061=DIRECTION('',(0.,-1.,0.));
#4062=DIRECTION('center_axis',(0.,-1.,0.));
#4063=DIRECTION('ref_axis',(0.,0.,-1.));
#4064=DIRECTION('center_axis',(0.,-1.,0.));
#4065=DIRECTION('ref_axis',(-1.,0.,0.));
#4066=DIRECTION('center_axis',(0.,-1.,0.));
#4067=DIRECTION('ref_axis',(0.,0.,-1.));
#4068=DIRECTION('center_axis',(0.,-1.,0.));
#4069=DIRECTION('ref_axis',(-1.,0.,0.));
#4070=DIRECTION('center_axis',(0.,-1.,0.));
#4071=DIRECTION('ref_axis',(-0.707106781186546,0.,-0.707106781186549));
#4072=DIRECTION('center_axis',(0.,1.,0.));
#4073=DIRECTION('ref_axis',(-0.707106781186546,0.,-0.707106781186549));
#4074=DIRECTION('',(0.,-1.,0.));
#4075=DIRECTION('',(0.,1.,0.));
#4076=DIRECTION('center_axis',(-1.,0.,0.));
#4077=DIRECTION('ref_axis',(0.,0.,-1.));
#4078=DIRECTION('',(0.,0.,-1.));
#4079=DIRECTION('',(0.,1.,0.));
#4080=DIRECTION('center_axis',(0.,-1.,0.));
#4081=DIRECTION('ref_axis',(0.707106781186546,0.,-0.707106781186549));
#4082=DIRECTION('center_axis',(0.,1.,0.));
#4083=DIRECTION('ref_axis',(0.707106781186546,0.,-0.707106781186549));
#4084=DIRECTION('',(0.,-1.,0.));
#4085=DIRECTION('',(0.,1.,0.));
#4086=DIRECTION('center_axis',(0.,0.,-1.));
#4087=DIRECTION('ref_axis',(1.,0.,0.));
#4088=DIRECTION('',(1.,0.,0.));
#4089=DIRECTION('center_axis',(0.,-1.,0.));
#4090=DIRECTION('ref_axis',(0.707106781186546,0.,0.707106781186549));
#4091=DIRECTION('center_axis',(0.,1.,0.));
#4092=DIRECTION('ref_axis',(0.707106781186546,0.,0.707106781186549));
#4093=DIRECTION('',(0.,-1.,0.));
#4094=DIRECTION('',(0.,1.,0.));
#4095=DIRECTION('center_axis',(1.,0.,0.));
#4096=DIRECTION('ref_axis',(0.,0.,1.));
#4097=DIRECTION('',(0.,0.,1.));
#4098=DIRECTION('center_axis',(0.,-1.,0.));
#4099=DIRECTION('ref_axis',(-0.707106781186546,0.,0.707106781186549));
#4100=DIRECTION('center_axis',(0.,1.,0.));
#4101=DIRECTION('ref_axis',(-0.707106781186546,0.,0.707106781186549));
#4102=DIRECTION('',(0.,-1.,0.));
#4103=DIRECTION('center_axis',(0.,0.,1.));
#4104=DIRECTION('ref_axis',(-1.,0.,0.));
#4105=DIRECTION('',(-1.,0.,0.));
#4106=DIRECTION('center_axis',(0.,1.,0.));
#4107=DIRECTION('ref_axis',(-1.,0.,0.));
#4108=DIRECTION('',(0.,1.,0.));
#4109=DIRECTION('center_axis',(0.,-1.,0.));
#4110=DIRECTION('ref_axis',(-1.,0.,0.));
#4111=DIRECTION('center_axis',(0.,1.,0.));
#4112=DIRECTION('ref_axis',(-1.,0.,0.));
#4113=DIRECTION('',(0.,1.,0.));
#4114=DIRECTION('center_axis',(0.,-1.,0.));
#4115=DIRECTION('ref_axis',(-1.,0.,0.));
#4116=DIRECTION('center_axis',(0.,1.,0.));
#4117=DIRECTION('ref_axis',(-1.,0.,0.));
#4118=DIRECTION('',(0.,1.,0.));
#4119=DIRECTION('center_axis',(0.,-1.,0.));
#4120=DIRECTION('ref_axis',(-1.,0.,0.));
#4121=DIRECTION('center_axis',(0.,-1.,0.));
#4122=DIRECTION('ref_axis',(-1.,0.,0.));
#4123=DIRECTION('center_axis',(0.,1.,0.));
#4124=DIRECTION('ref_axis',(-1.,0.,0.));
#4125=DIRECTION('',(0.,1.,0.));
#4126=DIRECTION('center_axis',(0.,-1.,0.));
#4127=DIRECTION('ref_axis',(-1.,0.,0.));
#4128=DIRECTION('center_axis',(0.,-1.,0.));
#4129=DIRECTION('ref_axis',(-1.,0.,0.));
#4130=DIRECTION('center_axis',(0.,-1.,0.));
#4131=DIRECTION('ref_axis',(0.,0.,-1.));
#4132=DIRECTION('',(1.,0.,0.));
#4133=DIRECTION('center_axis',(0.,0.,1.));
#4134=DIRECTION('ref_axis',(1.,0.,0.));
#4135=DIRECTION('center_axis',(0.,0.,1.));
#4136=DIRECTION('ref_axis',(-1.,-5.39554346098052E-33,0.));
#4137=DIRECTION('',(1.,-1.31791731094046E-16,0.));
#4138=DIRECTION('',(-1.18108832406931E-16,-1.,-5.90544162034657E-17));
#4139=DIRECTION('',(-1.,1.31791731094046E-16,0.));
#4140=DIRECTION('',(1.18108832406931E-16,1.,5.90544162034657E-17));
#4141=DIRECTION('center_axis',(1.18108832406931E-16,1.,5.90544162034657E-17));
#4142=DIRECTION('ref_axis',(0.999999082109768,-1.18188737382641E-16,0.00135490945126504));
#4143=DIRECTION('center_axis',(-1.31791731094046E-16,-1.,-5.69506809526683E-17));
#4144=DIRECTION('ref_axis',(0.999999082109768,-1.18188737382641E-16,0.00135490945126504));
#4145=DIRECTION('',(1.18108832406931E-16,1.,5.90544162034657E-17));
#4146=DIRECTION('center_axis',(-1.31791731094046E-16,-1.,-5.69506809526683E-17));
#4147=DIRECTION('ref_axis',(0.999999082109768,-1.31868773139583E-16,0.00135490945126504));
#4148=DIRECTION('center_axis',(-1.31791731094046E-16,-1.,-5.69506809526683E-17));
#4149=DIRECTION('ref_axis',(-1.,1.31791731094046E-16,-3.60822483003176E-16));
#4150=DIRECTION('center_axis',(-1.31791731094046E-16,-1.,-5.69506809526683E-17));
#4151=DIRECTION('ref_axis',(-0.579574946906938,2.03283579388443E-17,0.814918941317368));
#4152=DIRECTION('center_axis',(-1.31791731094046E-16,-1.,-5.69506809526683E-17));
#4153=DIRECTION('ref_axis',(0.55003818373777,-1.1428304370467E-16,0.83513950716659));
#4154=DIRECTION('center_axis',(-1.31791731094046E-16,-1.,-5.69506809526683E-17));
#4155=DIRECTION('ref_axis',(-1.,1.31791731094046E-16,-3.60822483003176E-16));
#4156=DIRECTION('center_axis',(-1.31791731094046E-16,-1.,-5.69506809526683E-17));
#4157=DIRECTION('ref_axis',(0.55003818373777,-1.20052248026239E-16,0.83513950716659));
#4158=DIRECTION('center_axis',(-1.31791731094046E-16,-1.,-5.69506809526683E-17));
#4159=DIRECTION('ref_axis',(-0.579574946906938,2.99729969223538E-17,0.814918941317368));
#4160=DIRECTION('center_axis',(1.18108832406931E-16,1.,5.90544162034657E-17));
#4161=DIRECTION('ref_axis',(0.55003818373777,-1.1428304370467E-16,0.83513950716659));
#4162=DIRECTION('',(1.18108832406931E-16,1.,5.90544162034657E-17));
#4163=DIRECTION('center_axis',(1.18108832406931E-16,1.,5.90544162034657E-17));
#4164=DIRECTION('ref_axis',(-0.579574946906938,2.03283579388443E-17,0.814918941317368));
#4165=DIRECTION('center_axis',(0.,1.,0.));
#4166=DIRECTION('ref_axis',(-1.,0.,0.));
#4167=DIRECTION('',(1.,0.,0.));
#4168=DIRECTION('',(0.,0.,1.));
#4169=DIRECTION('',(-1.,0.,0.));
#4170=DIRECTION('',(0.,0.,1.));
#4171=DIRECTION('center_axis',(0.,0.,1.));
#4172=DIRECTION('ref_axis',(1.,0.,0.));
#4173=DIRECTION('',(0.,-1.,0.));
#4174=DIRECTION('',(1.,0.,0.));
#4175=DIRECTION('',(0.,1.,0.));
#4176=DIRECTION('center_axis',(0.,0.,-1.));
#4177=DIRECTION('ref_axis',(1.,0.,0.));
#4178=DIRECTION('',(-1.,1.31791731094046E-16,0.));
#4179=DIRECTION('',(0.,-1.,0.));
#4180=DIRECTION('',(1.,0.,0.));
#4181=DIRECTION('',(0.,-1.,0.));
#4182=DIRECTION('center_axis',(0.,-1.,0.));
#4183=DIRECTION('ref_axis',(0.,0.,-1.));
#4184=DIRECTION('',(0.,0.,1.));
#4185=DIRECTION('',(0.,0.,1.));
#4186=DIRECTION('center_axis',(-1.31791731094046E-16,-1.,-5.69506809526683E-17));
#4187=DIRECTION('ref_axis',(-1.,1.31791731094046E-16,-3.60822483003176E-16));
#4188=DIRECTION('',(0.,0.,1.));
#4189=DIRECTION('',(-1.,0.,0.));
#4190=DIRECTION('',(2.42559595597453E-16,-5.69506809526683E-17,1.));
#4191=DIRECTION('',(1.,-1.31791731094046E-16,0.));
#4192=DIRECTION('center_axis',(1.31791731094046E-16,1.,5.69506809526683E-17));
#4193=DIRECTION('ref_axis',(-0.999999994337197,1.31797791143581E-16,-0.000106421832780333));
#4194=DIRECTION('',(1.,-1.31791731094046E-16,3.60822483003176E-16));
#4195=DIRECTION('center_axis',(-1.31791731094046E-16,-1.,-5.69506809526683E-17));
#4196=DIRECTION('ref_axis',(0.00861535740226865,5.58131344828261E-17,-0.999962887119733));
#4197=DIRECTION('center_axis',(1.31791731094046E-16,1.,5.69506809526683E-17));
#4198=DIRECTION('ref_axis',(-0.931750187318134,1.02118179571321E-16,0.363099970301049));
#4199=DIRECTION('center_axis',(-1.31791731094046E-16,-1.,-5.69506809526683E-17));
#4200=DIRECTION('ref_axis',(-0.97155348309571,1.4152978972914E-16,-0.236820247201529));
#4201=DIRECTION('center_axis',(-1.31791731094046E-16,-1.,-5.69506809526683E-17));
#4202=DIRECTION('ref_axis',(-0.572952641262728,1.22186542266588E-16,-0.819588476535672));
#4203=DIRECTION('center_axis',(-1.31791731094046E-16,-1.,-5.69506809526683E-17));
#4204=DIRECTION('ref_axis',(0.552611685827652,-2.53647403848771E-17,-0.833438854797831));
#4205=DIRECTION('',(-3.60822483003176E-16,-5.69506809526683E-17,1.));
#4206=DIRECTION('center_axis',(1.31791731094046E-16,1.,5.69506809526683E-17));
#4207=DIRECTION('ref_axis',(-0.999999870289599,1.31820720898545E-16,-0.000509333668561829));
#4208=DIRECTION('',(0.999999936218544,-1.31812063164874E-16,0.000357159499334039));
#4209=DIRECTION('center_axis',(1.31791731094046E-16,1.,5.69506809526683E-17));
#4210=DIRECTION('ref_axis',(0.000238585703638848,-5.69821229546594E-17,
0.999999971538431));
#4211=DIRECTION('center_axis',(-1.31791731094046E-16,-1.,-5.69506809526683E-17));
#4212=DIRECTION('ref_axis',(-0.999999992513009,1.31784761153624E-16,0.00012236822426845));
#4213=DIRECTION('',(1.,-1.31791731094046E-16,3.60822483003176E-16));
#4214=DIRECTION('center_axis',(-1.31791731094046E-16,-1.,-5.69506809526683E-17));
#4215=DIRECTION('ref_axis',(-2.29078157698108E-5,5.69536999984213E-17,-0.999999999737616));
#4216=DIRECTION('center_axis',(1.31791731094046E-16,1.,5.69506809526683E-17));
#4217=DIRECTION('ref_axis',(-0.999446051953478,1.29823380277148E-16,0.0332804632570909));
#4218=DIRECTION('center_axis',(-1.31791731094046E-16,-1.,-5.69506809526683E-17));
#4219=DIRECTION('ref_axis',(-0.999491051794356,1.33541407094492E-16,-0.0319004291979239));
#4220=DIRECTION('',(1.,-1.31791731094046E-16,3.60822483003176E-16));
#4221=DIRECTION('center_axis',(1.31791731094046E-16,1.,5.69506809526683E-17));
#4222=DIRECTION('ref_axis',(0.000702281918841344,-5.70432218584319E-17,
0.999999753400023));
#4223=DIRECTION('',(0.894224378166524,-9.23591724155312E-17,-0.447618991434338));
#4224=DIRECTION('',(1.,-1.31791731094046E-16,0.));
#4225=DIRECTION('',(0.,0.,1.));
#4226=DIRECTION('center_axis',(1.31791731094046E-16,1.,5.69506809526683E-17));
#4227=DIRECTION('ref_axis',(1.,-1.31791731094046E-16,-7.5056288297369E-33));
#4228=DIRECTION('center_axis',(1.31791731094046E-16,1.,5.69506809526683E-17));
#4229=DIRECTION('ref_axis',(1.,-1.31791731094046E-16,-7.5056288297369E-33));
#4230=DIRECTION('center_axis',(1.31791731094046E-16,1.,5.69506809526683E-17));
#4231=DIRECTION('ref_axis',(1.,-1.31791731094046E-16,-7.5056288297369E-33));
#4232=DIRECTION('center_axis',(-1.,1.18108832406931E-16,0.));
#4233=DIRECTION('ref_axis',(-1.18108832406931E-16,-1.,-5.90544162034657E-17));
#4234=DIRECTION('',(1.18108832406931E-16,1.,5.90544162034657E-17));
#4235=DIRECTION('',(-1.18108832406931E-16,-1.,-5.90544162034657E-17));
#4236=DIRECTION('',(0.,0.,1.));
#4237=DIRECTION('center_axis',(0.,0.,1.));
#4238=DIRECTION('ref_axis',(1.,0.,0.));
#4239=DIRECTION('',(0.,-1.,0.));
#4240=DIRECTION('',(-1.,1.31791731094046E-16,-2.38357802471405E-16));
#4241=DIRECTION('center_axis',(-1.,0.,0.));
#4242=DIRECTION('ref_axis',(0.,0.,1.));
#4243=DIRECTION('',(-1.18108832406931E-16,-1.,0.));
#4244=DIRECTION('',(1.18108832406931E-16,1.,5.90544162034657E-17));
#4245=DIRECTION('',(-2.42559595597453E-16,5.69506809526684E-17,-1.));
#4246=DIRECTION('center_axis',(1.18108832406931E-16,1.,5.90544162034657E-17));
#4247=DIRECTION('ref_axis',(1.,-1.18108832406931E-16,-6.69759323579816E-33));
#4248=DIRECTION('center_axis',(1.31791731094046E-16,1.,5.69506809526683E-17));
#4249=DIRECTION('ref_axis',(1.,-1.18108832406931E-16,-6.69759323579816E-33));
#4250=DIRECTION('',(-1.18108832406931E-16,-1.,-5.90544162034657E-17));
#4251=DIRECTION('center_axis',(1.18108832406931E-16,1.,5.90544162034657E-17));
#4252=DIRECTION('ref_axis',(1.,-1.18108832406931E-16,-6.69759323579816E-33));
#4253=DIRECTION('center_axis',(1.31791731094046E-16,1.,5.69506809526683E-17));
#4254=DIRECTION('ref_axis',(1.,-1.18108832406931E-16,-6.69759323579816E-33));
#4255=DIRECTION('',(-1.18108832406931E-16,-1.,-5.90544162034657E-17));
#4256=DIRECTION('center_axis',(1.18108832406931E-16,1.,5.90544162034657E-17));
#4257=DIRECTION('ref_axis',(1.,-1.18108832406931E-16,-6.69759323579816E-33));
#4258=DIRECTION('center_axis',(1.31791731094046E-16,1.,5.69506809526683E-17));
#4259=DIRECTION('ref_axis',(1.,-1.18108832406931E-16,-6.69759323579816E-33));
#4260=DIRECTION('',(-1.18108832406931E-16,-1.,-5.90544162034657E-17));
#4261=DIRECTION('center_axis',(1.18108832406931E-16,1.,5.90544162034657E-17));
#4262=DIRECTION('ref_axis',(-0.931750187318134,8.86052699494603E-17,0.363099970301049));
#4263=DIRECTION('center_axis',(1.31791731094046E-16,1.,5.69506809526683E-17));
#4264=DIRECTION('ref_axis',(-0.931750187318134,8.86052699494603E-17,0.363099970301049));
#4265=DIRECTION('',(1.18108832406931E-16,1.,5.90544162034657E-17));
#4266=DIRECTION('',(1.18108832406931E-16,1.,5.90544162034657E-17));
#4267=DIRECTION('center_axis',(1.18108832406931E-16,1.,5.90544162034657E-17));
#4268=DIRECTION('ref_axis',(0.00861535740226865,5.80346747204376E-17,-0.999962887119733));
#4269=DIRECTION('center_axis',(-1.31791731094046E-16,-1.,-5.69506809526683E-17));
#4270=DIRECTION('ref_axis',(0.00861535740226865,5.80346747204376E-17,-0.999962887119733));
#4271=DIRECTION('',(1.18108832406931E-16,1.,5.90544162034657E-17));
#4272=DIRECTION('center_axis',(3.60822483003176E-16,5.90544162034657E-17,
-1.));
#4273=DIRECTION('ref_axis',(-1.,1.31791731094046E-16,-3.60822483003176E-16));
#4274=DIRECTION('',(1.,-1.31791731094046E-16,3.60822483003176E-16));
#4275=DIRECTION('',(1.18108832406931E-16,1.,5.90544162034657E-17));
#4276=DIRECTION('center_axis',(-2.38357802471405E-16,-5.90544162034657E-17,
1.));
#4277=DIRECTION('ref_axis',(1.,-1.31791731094046E-16,2.38357802471405E-16));
#4278=DIRECTION('',(-1.,1.31791731094046E-16,-2.38357802471405E-16));
#4279=DIRECTION('center_axis',(-0.447618991434338,1.05675655049009E-16,
-0.894224378166524));
#4280=DIRECTION('ref_axis',(-0.894224378166524,9.23591724155312E-17,0.447618991434338));
#4281=DIRECTION('',(-2.36083939848899E-16,-1.,0.));
#4282=DIRECTION('',(1.18108832406931E-16,1.,5.90544162034657E-17));
#4283=DIRECTION('',(0.894224378166524,-9.23591724155312E-17,-0.447618991434338));
#4284=DIRECTION('center_axis',(1.18108832406931E-16,1.,5.90544162034657E-17));
#4285=DIRECTION('ref_axis',(0.000702281918841344,-5.91373473381029E-17,
0.999999753400023));
#4286=DIRECTION('center_axis',(1.31791731094046E-16,1.,5.69506809526683E-17));
#4287=DIRECTION('ref_axis',(0.000702281918841344,-5.91373473381029E-17,
0.999999753400023));
#4288=DIRECTION('',(1.18108832406931E-16,1.,5.90544162034657E-17));
#4289=DIRECTION('center_axis',(3.60822483003176E-16,5.90544162034657E-17,
-1.));
#4290=DIRECTION('ref_axis',(-1.,1.31791731094046E-16,-3.60822483003176E-16));
#4291=DIRECTION('',(1.,-1.31791731094046E-16,3.60822483003176E-16));
#4292=DIRECTION('',(1.18108832406931E-16,1.,5.90544162034657E-17));
#4293=DIRECTION('center_axis',(1.18108832406931E-16,1.,5.90544162034657E-17));
#4294=DIRECTION('ref_axis',(-0.999491051794356,1.19932582351531E-16,-0.0319004291979239));
#4295=DIRECTION('center_axis',(-1.31791731094046E-16,-1.,-5.69506809526683E-17));
#4296=DIRECTION('ref_axis',(-0.999491051794356,1.19932582351531E-16,-0.0319004291979239));
#4297=DIRECTION('',(1.18108832406931E-16,1.,5.90544162034657E-17));
#4298=DIRECTION('center_axis',(1.18108832406931E-16,1.,5.90544162034657E-17));
#4299=DIRECTION('ref_axis',(-0.999446051953478,1.16078047921314E-16,0.0332804632570909));
#4300=DIRECTION('center_axis',(1.31791731094046E-16,1.,5.69506809526683E-17));
#4301=DIRECTION('ref_axis',(-0.999446051953478,1.16078047921314E-16,0.0332804632570909));
#4302=DIRECTION('',(1.18108832406931E-16,1.,5.90544162034657E-17));
#4303=DIRECTION('center_axis',(1.18108832406931E-16,1.,5.90544162034657E-17));
#4304=DIRECTION('ref_axis',(-2.29078157698108E-5,5.90571218033444E-17,-0.999999999737616));
#4305=DIRECTION('center_axis',(-1.31791731094046E-16,-1.,-5.69506809526683E-17));
#4306=DIRECTION('ref_axis',(-2.29078157698108E-5,5.90571218033444E-17,-0.999999999737616));
#4307=DIRECTION('',(1.18108832406931E-16,1.,5.90544162034657E-17));
#4308=DIRECTION('center_axis',(3.60822483003176E-16,5.90544162034657E-17,
-1.));
#4309=DIRECTION('ref_axis',(-1.,1.31791731094046E-16,-3.60822483003176E-16));
#4310=DIRECTION('',(1.,-1.31791731094046E-16,3.60822483003176E-16));
#4311=DIRECTION('',(1.18108832406931E-16,1.,5.90544162034657E-17));
#4312=DIRECTION('center_axis',(1.18108832406931E-16,1.,5.90544162034657E-17));
#4313=DIRECTION('ref_axis',(-0.999999992513009,1.18101605138606E-16,0.00012236822426845));
#4314=DIRECTION('center_axis',(-1.31791731094046E-16,-1.,-5.69506809526683E-17));
#4315=DIRECTION('ref_axis',(-0.999999992513009,1.18101605138606E-16,0.00012236822426845));
#4316=DIRECTION('',(1.18108832406931E-16,1.,5.90544162034657E-17));
#4317=DIRECTION('center_axis',(1.18108832406931E-16,1.,5.90544162034657E-17));
#4318=DIRECTION('ref_axis',(0.000238585703638848,-5.90825936015701E-17,
0.999999971538431));
#4319=DIRECTION('center_axis',(1.31791731094046E-16,1.,5.69506809526683E-17));
#4320=DIRECTION('ref_axis',(0.000238585703638848,-5.90825936015701E-17,
0.999999971538431));
#4321=DIRECTION('',(1.18108832406931E-16,1.,5.90544162034657E-17));
#4322=DIRECTION('center_axis',(0.000357159499334039,5.90122287454397E-17,
-0.999999936218544));
#4323=DIRECTION('ref_axis',(-0.999999936218544,1.31812063164874E-16,-0.000357159499334039));
#4324=DIRECTION('',(0.999999936218544,-1.31812063164874E-16,0.000357159499334039));
#4325=DIRECTION('',(1.18108832406931E-16,1.,5.90544162034657E-17));
#4326=DIRECTION('center_axis',(1.18108832406931E-16,1.,5.90544162034657E-17));
#4327=DIRECTION('ref_axis',(-0.999999870289599,1.18138895489437E-16,-0.000509333668561829));
#4328=DIRECTION('center_axis',(1.31791731094046E-16,1.,5.69506809526683E-17));
#4329=DIRECTION('ref_axis',(-0.999999870289599,1.18138895489437E-16,-0.000509333668561829));
#4330=DIRECTION('',(1.18108832406931E-16,1.,5.90544162034657E-17));
#4331=DIRECTION('center_axis',(1.,-1.18108832406932E-16,3.60822483003176E-16));
#4332=DIRECTION('ref_axis',(3.60822483003176E-16,5.69506809526683E-17,-1.));
#4333=DIRECTION('',(-3.60822483003176E-16,-5.69506809526683E-17,1.));
#4334=DIRECTION('',(1.18108832406931E-16,1.,5.90544162034657E-17));
#4335=DIRECTION('center_axis',(1.18108832406931E-16,1.,5.90544162034657E-17));
#4336=DIRECTION('ref_axis',(0.552611685827652,-1.60500759761591E-17,-0.833438854797831));
#4337=DIRECTION('center_axis',(-1.31791731094046E-16,-1.,-5.69506809526683E-17));
#4338=DIRECTION('ref_axis',(0.552611685827652,-1.60500759761591E-17,-0.833438854797831));
#4339=DIRECTION('',(1.18108832406931E-16,1.,5.90544162034657E-17));
#4340=DIRECTION('center_axis',(1.18108832406931E-16,1.,5.90544162034657E-17));
#4341=DIRECTION('ref_axis',(-0.572952641262728,1.1607108649291E-16,-0.819588476535672));
#4342=DIRECTION('center_axis',(-1.31791731094046E-16,-1.,-5.69506809526683E-17));
#4343=DIRECTION('ref_axis',(-0.572952641262728,1.1607108649291E-16,-0.819588476535672));
#4344=DIRECTION('',(1.18108832406931E-16,1.,5.90544162034657E-17));
#4345=DIRECTION('center_axis',(1.18108832406931E-16,1.,5.90544162034657E-17));
#4346=DIRECTION('ref_axis',(-0.97155348309571,1.28734328952969E-16,-0.236820247201529));
#4347=DIRECTION('center_axis',(-1.31791731094046E-16,-1.,-5.69506809526683E-17));
#4348=DIRECTION('ref_axis',(-0.97155348309571,1.28734328952969E-16,-0.236820247201529));
#4349=DIRECTION('center_axis',(1.18108832406931E-16,1.,5.90544162034657E-17));
#4350=DIRECTION('ref_axis',(-0.999999994337197,1.18115116417311E-16,-0.000106421832780333));
#4351=DIRECTION('',(1.18108832406931E-16,1.,5.90544162034657E-17));
#4352=DIRECTION('center_axis',(1.31791731094046E-16,1.,5.69506809526683E-17));
#4353=DIRECTION('ref_axis',(-0.999999994337197,1.18115116417311E-16,-0.000106421832780333));
#4354=DIRECTION('center_axis',(0.,0.,1.));
#4355=DIRECTION('ref_axis',(0.,-1.,0.));
#4356=DIRECTION('',(-1.,1.31791731094046E-16,0.));
#4357=DIRECTION('center_axis',(-1.31791731094046E-16,-1.,-5.69506809526683E-17));
#4358=DIRECTION('ref_axis',(-1.,1.31791731094046E-16,-3.60822483003176E-16));
#4359=DIRECTION('',(-1.,1.31791731094046E-16,0.));
#4360=DIRECTION('',(-3.60822483003176E-16,-5.69506809526683E-17,1.));
#4361=DIRECTION('center_axis',(1.,-1.18108832406932E-16,3.60822483003176E-16));
#4362=DIRECTION('ref_axis',(3.60822483003176E-16,5.69506809526683E-17,-1.));
#4363=DIRECTION('',(1.18108832406932E-16,1.,0.));
#4364=DIRECTION('center_axis',(0.,0.,1.));
#4365=DIRECTION('ref_axis',(-1.96793596967354E-47,1.,0.));
#4366=DIRECTION('center_axis',(-1.,1.18108832406931E-16,0.));
#4367=DIRECTION('ref_axis',(1.18108832406931E-16,1.,0.));
#4368=DIRECTION('',(-1.18108832406931E-16,-1.,0.));
#4369=DIRECTION('',(0.,0.,-1.));
#4370=DIRECTION('',(1.18108832406931E-16,1.,0.));
#4371=DIRECTION('',(0.,0.,-1.));
#4372=DIRECTION('center_axis',(0.,0.,-1.));
#4373=DIRECTION('ref_axis',(-1.,0.,0.));
#4374=DIRECTION('',(0.,-1.,0.));
#4375=DIRECTION('',(-1.,1.31791731094046E-16,0.));
#4376=DIRECTION('',(1.,-1.31791731094046E-16,0.));
#4377=DIRECTION('center_axis',(-1.,0.,3.70074341541719E-16));
#4378=DIRECTION('ref_axis',(3.70074341541719E-16,0.,1.));
#4379=DIRECTION('',(-1.18108832406931E-16,-1.,0.));
#4380=DIRECTION('',(2.42559595597453E-16,-5.69506809526683E-17,1.));
#4381=DIRECTION('',(1.18108832406931E-16,1.,0.));
#4382=DIRECTION('',(-2.42559595597453E-16,5.69506809526684E-17,-1.));
#4383=DIRECTION('center_axis',(0.,0.,1.));
#4384=DIRECTION('ref_axis',(1.,0.,0.));
#4385=DIRECTION('',(1.,-1.31791731094046E-16,0.));
#4386=DIRECTION('',(-1.,1.31791731094046E-16,0.));
#4387=DIRECTION('center_axis',(-1.31791731094046E-16,-1.,-5.69506809526683E-17));
#4388=DIRECTION('ref_axis',(-1.,1.31791731094046E-16,-3.60822483003176E-16));
#4389=DIRECTION('',(1.,-1.31791731094046E-16,0.));
#4390=DIRECTION('',(0.,5.69506809526683E-17,-1.));
#4391=DIRECTION('center_axis',(1.31791731094046E-16,1.,5.69506809526683E-17));
#4392=DIRECTION('ref_axis',(1.,-1.18108832406931E-16,-6.69759323579816E-33));
#4393=DIRECTION('center_axis',(1.18108832406931E-16,1.,5.90544162034657E-17));
#4394=DIRECTION('ref_axis',(1.,-1.18108832406931E-16,-6.69759323579816E-33));
#4395=DIRECTION('',(-1.18108832406931E-16,-1.,-5.90544162034657E-17));
#4396=DIRECTION('center_axis',(1.31791731094046E-16,1.,5.69506809526683E-17));
#4397=DIRECTION('ref_axis',(1.,-1.31791731094046E-16,-7.5056288297369E-33));
#4398=DIRECTION('center_axis',(-1.,0.,0.));
#4399=DIRECTION('ref_axis',(0.,0.,-1.));
#4400=DIRECTION('',(0.,-1.,0.));
#4401=DIRECTION('',(0.,-5.69506809526683E-17,1.));
#4402=DIRECTION('center_axis',(-1.31791731094046E-16,-1.,-5.69506809526683E-17));
#4403=DIRECTION('ref_axis',(-1.,1.31791731094046E-16,-3.60822483003176E-16));
#4404=DIRECTION('',(-1.,1.31791731094046E-16,0.));
#4405=DIRECTION('center_axis',(0.,0.,-1.));
#4406=DIRECTION('ref_axis',(1.,0.,0.));
#4407=DIRECTION('center_axis',(0.,0.,-1.));
#4408=DIRECTION('ref_axis',(0.707106781186548,0.707106781186548,0.));
#4409=DIRECTION('center_axis',(0.,-0.17364817766693,0.984807753012208));
#4410=DIRECTION('ref_axis',(0.,0.984807753012208,0.17364817766693));
#4411=DIRECTION('',(0.,0.,1.));
#4412=DIRECTION('center_axis',(0.,0.,-1.));
#4413=DIRECTION('ref_axis',(0.707106781186548,0.707106781186548,0.));
#4414=DIRECTION('',(0.,0.,-1.));
#4415=DIRECTION('center_axis',(0.,1.,0.));
#4416=DIRECTION('ref_axis',(1.,0.,0.));
#4417=DIRECTION('',(1.,0.,0.));
#4418=DIRECTION('',(0.,0.,-1.));
#4419=DIRECTION('',(1.,0.,0.));
#4420=DIRECTION('center_axis',(0.,0.17364817766693,-0.984807753012208));
#4421=DIRECTION('ref_axis',(-1.,0.,0.));
#4422=DIRECTION('',(0.,-0.984807753012208,-0.17364817766693));
#4423=DIRECTION('',(-1.,0.,0.));
#4424=DIRECTION('',(0.,0.984807753012208,0.17364817766693));
#4425=DIRECTION('center_axis',(0.,-0.17364817766693,0.984807753012208));
#4426=DIRECTION('ref_axis',(6.83347651389699E-16,0.984807753012208,0.17364817766693));
#4427=DIRECTION('center_axis',(0.,0.,-1.));
#4428=DIRECTION('ref_axis',(-0.707106781186555,0.70710678118654,0.));
#4429=DIRECTION('',(0.,0.,1.));
#4430=DIRECTION('center_axis',(0.,0.,-1.));
#4431=DIRECTION('ref_axis',(-0.707106781186555,0.70710678118654,0.));
#4432=DIRECTION('center_axis',(-1.,0.,0.));
#4433=DIRECTION('ref_axis',(0.,1.,0.));
#4434=DIRECTION('',(0.,0.,-1.));
#4435=DIRECTION('',(0.,-1.,0.));
#4436=DIRECTION('center_axis',(0.,-1.,0.));
#4437=DIRECTION('ref_axis',(-1.,0.,0.));
#4438=DIRECTION('',(1.,0.,0.));
#4439=DIRECTION('',(0.,0.,-1.));
#4440=DIRECTION('center_axis',(1.,0.,0.));
#4441=DIRECTION('ref_axis',(0.,-1.,0.));
#4442=DIRECTION('',(0.,1.,0.));
#4443=DIRECTION('center_axis',(0.,0.,1.));
#4444=DIRECTION('ref_axis',(1.,0.,0.));
#4445=DIRECTION('center_axis',(0.,0.,-1.));
#4446=DIRECTION('ref_axis',(-0.707106781186549,-0.707106781186546,0.));
#4447=DIRECTION('center_axis',(0.,-0.17364817766693,0.984807753012208));
#4448=DIRECTION('ref_axis',(4.78343355972789E-16,-0.984807753012208,-0.17364817766693));
#4449=DIRECTION('',(0.,0.,1.));
#4450=DIRECTION('center_axis',(0.,0.,-1.));
#4451=DIRECTION('ref_axis',(-0.707106781186549,-0.707106781186546,0.));
#4452=DIRECTION('',(0.,0.,-1.));
#4453=DIRECTION('center_axis',(0.,-1.,0.));
#4454=DIRECTION('ref_axis',(0.,0.,-1.));
#4455=DIRECTION('',(-1.,0.,0.));
#4456=DIRECTION('',(0.,0.,-1.));
#4457=DIRECTION('',(-1.,0.,0.));
#4458=DIRECTION('center_axis',(0.,0.17364817766693,-0.984807753012208));
#4459=DIRECTION('ref_axis',(1.,0.,0.));
#4460=DIRECTION('',(0.,0.984807753012208,0.17364817766693));
#4461=DIRECTION('',(-1.,0.,0.));
#4462=DIRECTION('',(0.,-0.984807753012208,-0.17364817766693));
#4463=DIRECTION('center_axis',(0.,-0.17364817766693,0.984807753012208));
#4464=DIRECTION('ref_axis',(4.78343355972789E-16,-0.984807753012208,-0.17364817766693));
#4465=DIRECTION('center_axis',(0.,0.,1.));
#4466=DIRECTION('ref_axis',(0.707106781186554,-0.707106781186541,0.));
#4467=DIRECTION('center_axis',(0.,0.,-1.));
#4468=DIRECTION('ref_axis',(0.707106781186554,-0.707106781186541,0.));
#4469=DIRECTION('',(0.,0.,1.));
#4470=DIRECTION('center_axis',(0.,0.,1.));
#4471=DIRECTION('ref_axis',(-1.,0.,0.));
#4472=DIRECTION('',(0.,-1.,0.));
#4473=DIRECTION('',(1.,0.,0.));
#4474=DIRECTION('',(0.,-1.,0.));
#4475=DIRECTION('center_axis',(1.,0.,0.));
#4476=DIRECTION('ref_axis',(0.,0.,1.));
#4477=DIRECTION('',(0.,0.,-1.));
#4478=DIRECTION('center_axis',(-1.,0.,0.));
#4479=DIRECTION('ref_axis',(0.,0.,-1.));
#4480=DIRECTION('',(0.,0.,-1.));
#4481=DIRECTION('center_axis',(0.,-1.,0.));
#4482=DIRECTION('ref_axis',(-1.,0.,0.));
#4483=CARTESIAN_POINT('',(0.,0.,0.));
#4484=CARTESIAN_POINT('Origin',(25.000000372529,14.0000001192093,15.5000002980232));
#4485=CARTESIAN_POINT('',(36.0000005811453,11.0000001192093,15.5000002980232));
#4486=CARTESIAN_POINT('',(31.000000372529,11.0000001192093,15.5000002384186));
#4487=CARTESIAN_POINT('',(39.0000005811453,11.0000001192093,15.5000002980232));
#4488=CARTESIAN_POINT('',(36.0000005811453,14.0000001192093,15.5000002980232));
#4489=CARTESIAN_POINT('',(36.0000005811453,14.0000001192093,15.5000002980232));
#4490=CARTESIAN_POINT('',(26.000000372529,14.0000001192093,15.5000002980232));
#4491=CARTESIAN_POINT('',(27.5000004097819,14.0000001192093,15.5000002980232));
#4492=CARTESIAN_POINT('',(26.000000372529,8.00000011920929,15.5000002384186));
#4493=CARTESIAN_POINT('',(26.000000372529,14.0000001192093,15.5000002980232));
#4494=CARTESIAN_POINT('',(31.000000372529,8.00000011920929,15.5000002384186));
#4495=CARTESIAN_POINT('',(26.000000372529,8.00000011920929,15.5000002384186));
#4496=CARTESIAN_POINT('',(31.000000372529,8.00000011920929,15.5000002384186));
#4497=CARTESIAN_POINT('Origin',(26.000000372529,14.0000001192093,0.));
#4498=CARTESIAN_POINT('',(26.0000003576279,8.00000011920929,60.0000008940697));
#4499=CARTESIAN_POINT('',(26.000000372529,8.00000011920929,0.));
#4500=CARTESIAN_POINT('',(26.000000372529,14.0000001192093,0.));
#4501=CARTESIAN_POINT('',(26.000000372529,14.0000001192093,6.25));
#4502=CARTESIAN_POINT('',(26.000000372529,11.0000001192093,0.));
#4503=CARTESIAN_POINT('',(26.000000372529,7.00000005960464,0.));
#4504=CARTESIAN_POINT('',(26.0000003576279,11.0000001192093,8.00000022351742));
#4505=CARTESIAN_POINT('',(26.000000372529,11.0000001192093,6.25));
#4506=CARTESIAN_POINT('',(26.0000003576279,4.00000005960464,8.00000022351742));
#4507=CARTESIAN_POINT('',(26.000000372529,9.00000008940697,8.00000022351742));
#4508=CARTESIAN_POINT('',(26.0000003576279,4.00000005960464,25.));
#4509=CARTESIAN_POINT('',(26.000000372529,4.00000005960464,0.));
#4510=CARTESIAN_POINT('',(26.0000003576279,6.00000008940697,25.));
#4511=CARTESIAN_POINT('',(26.000000372529,10.0000001043081,25.));
#4512=CARTESIAN_POINT('',(26.0000003576279,6.00000008940697,60.0000008940697));
#4513=CARTESIAN_POINT('',(26.000000372529,6.00000008940697,12.5));
#4514=CARTESIAN_POINT('',(26.000000372529,10.5000001117587,60.));
#4515=CARTESIAN_POINT('Origin',(31.000000372529,9.50000011920929,20.5000001192093));
#4516=CARTESIAN_POINT('',(31.000000372529,8.00000011920929,25.));
#4517=CARTESIAN_POINT('',(31.000000372529,8.00000011920929,16.0000002384186));
#4518=CARTESIAN_POINT('',(31.000000372529,11.0000001192093,25.));
#4519=CARTESIAN_POINT('',(31.000000372529,7.75000010430813,25.));
#4520=CARTESIAN_POINT('',(31.000000372529,11.0000001192093,16.5000000596046));
#4521=CARTESIAN_POINT('Origin',(30.0000004470348,11.0000001192093,12.5));
#4522=CARTESIAN_POINT('',(50.0000007450581,11.0000001192093,25.));
#4523=CARTESIAN_POINT('',(27.5000004097819,11.0000001192093,25.));
#4524=CARTESIAN_POINT('',(50.0000007450581,11.0000001192093,0.366025392032259));
#4525=CARTESIAN_POINT('',(50.0000007450581,11.0000001192093,25.));
#4526=CARTESIAN_POINT('',(49.6339753530258,11.0000001192093,0.));
#4527=CARTESIAN_POINT('Origin',(50.5000007525086,11.0000001192093,-0.500000007450581));
#4528=CARTESIAN_POINT('',(36.0000005811453,11.0000001192093,0.));
#4529=CARTESIAN_POINT('',(50.0000007450581,11.0000001192093,0.));
#4530=CARTESIAN_POINT('',(36.0000005811453,11.0000001192093,0.));
#4531=CARTESIAN_POINT('Origin',(25.000000372529,6.00000008940697,25.));
#4532=CARTESIAN_POINT('',(50.0000007450581,8.00000011920929,25.));
#4533=CARTESIAN_POINT('',(30.0000004470348,8.00000011920929,25.));
#4534=CARTESIAN_POINT('',(50.,4.00000005960464,25.));
#4535=CARTESIAN_POINT('Origin',(24.0000003576279,4.00000005960464,8.00000022351742));
#4536=CARTESIAN_POINT('',(16.0000002384186,11.0000001192093,8.00000022351742));
#4537=CARTESIAN_POINT('',(27.0000004023314,11.0000001192093,8.00000022351742));
#4538=CARTESIAN_POINT('',(16.0000002384186,4.00000005960464,8.00000022351742));
#4539=CARTESIAN_POINT('',(16.0000002384186,4.00000005960464,8.00000022351742));
#4540=CARTESIAN_POINT('',(12.5000001788139,4.00000005960464,8.00000022351742));
#4541=CARTESIAN_POINT('Origin',(30.0000004470348,11.0000001192093,12.5));
#4542=CARTESIAN_POINT('',(10.0000001490116,11.0000001192093,0.));
#4543=CARTESIAN_POINT('',(25.000000372529,11.0000001192093,0.));
#4544=CARTESIAN_POINT('',(10.0000001490116,11.0000001192093,25.));
#4545=CARTESIAN_POINT('',(10.0000001490116,11.0000001192093,6.25));
#4546=CARTESIAN_POINT('',(16.0000002384186,11.0000001192093,25.));
#4547=CARTESIAN_POINT('',(27.5000004097819,11.0000001192093,25.));
#4548=CARTESIAN_POINT('',(16.0000002384186,11.0000001192093,12.7500001117587));
#4549=CARTESIAN_POINT('Origin',(0.,0.,0.));
#4550=CARTESIAN_POINT('',(36.0000005811453,14.0000001192093,0.));
#4551=CARTESIAN_POINT('',(50.0000007450581,14.0000001192093,0.));
#4552=CARTESIAN_POINT('',(36.0000005811453,14.0000001192093,0.));
#4553=CARTESIAN_POINT('',(49.6339753530258,18.,0.));
#4554=CARTESIAN_POINT('',(49.6339753530258,41.,0.));
#4555=CARTESIAN_POINT('',(0.366025392032263,18.,0.));
#4556=CARTESIAN_POINT('',(0.,18.,0.));
#4557=CARTESIAN_POINT('',(0.366025392032263,8.00000011920929,0.));
#4558=CARTESIAN_POINT('',(0.366025392032263,41.,0.));
#4559=CARTESIAN_POINT('',(10.0000001490116,8.00000011920929,0.));
#4560=CARTESIAN_POINT('',(25.000000372529,8.00000011920929,0.));
#4561=CARTESIAN_POINT('',(10.0000001490116,8.00000011920929,0.));
#4562=CARTESIAN_POINT('Origin',(0.,4.00000005960464,0.));
#4563=CARTESIAN_POINT('',(16.0000002384186,4.00000005960464,25.));
#4564=CARTESIAN_POINT('',(16.0000002384186,4.00000005960464,7.50000011175871));
#4565=CARTESIAN_POINT('',(0.,4.00000005960464,25.));
#4566=CARTESIAN_POINT('',(0.,4.00000005960464,25.));
#4567=CARTESIAN_POINT('',(0.,4.00000005960465,0.366025392032263));
#4568=CARTESIAN_POINT('',(0.,4.00000005960464,35.));
#4569=CARTESIAN_POINT('',(0.366025392032263,4.00000005960465,0.));
#4570=CARTESIAN_POINT('Origin',(-0.500000007450581,4.00000005960464,-0.500000007450581));
#4571=CARTESIAN_POINT('',(49.6339753530258,4.00000005960464,0.));
#4572=CARTESIAN_POINT('',(0.,4.00000005960464,0.));
#4573=CARTESIAN_POINT('',(50.,4.00000005960464,0.366024961872352));
#4574=CARTESIAN_POINT('Origin',(50.5000007525086,4.00000005960464,-0.500000007450581));
#4575=CARTESIAN_POINT('',(50.0000007450581,4.00000005960464,25.));
#4576=CARTESIAN_POINT('',(50.,4.00000005960464,0.));
#4577=CARTESIAN_POINT('',(0.,4.00000005960464,25.));
#4578=CARTESIAN_POINT('Origin',(30.0000004470348,14.0000001192093,12.5));
#4579=CARTESIAN_POINT('',(36.0000005811453,14.0000001192093,16.2500001490116));
#4580=CARTESIAN_POINT('',(33.0500007450581,14.0000001192093,13.));
#4581=CARTESIAN_POINT('Origin',(32.0000007450581,14.0000001192093,13.));
#4582=CARTESIAN_POINT('Origin',(36.0000005811453,14.0000001192093,20.0000002980232));
#4583=CARTESIAN_POINT('Origin',(25.000000372529,6.00000008940697,25.));
#4584=CARTESIAN_POINT('',(50.0000007450581,6.00000008940697,25.));
#4585=CARTESIAN_POINT('',(50.,3.00000004470348,25.));
#4586=CARTESIAN_POINT('',(22.5000003352761,6.00000008940697,25.));
#4587=CARTESIAN_POINT('Origin',(-1.5,0.,71.5));
#4588=CARTESIAN_POINT('',(-1.5,41.,72.));
#4589=CARTESIAN_POINT('',(-2.,41.,71.5));
#4590=CARTESIAN_POINT('Origin',(-1.5,41.,71.5));
#4591=CARTESIAN_POINT('',(-2.,0.,71.5));
#4592=CARTESIAN_POINT('',(-2.,0.,71.5));
#4593=CARTESIAN_POINT('',(-1.5,0.,72.));
#4594=CARTESIAN_POINT('Origin',(-1.5,0.,71.5));
#4595=CARTESIAN_POINT('',(-1.5,0.,72.));
#4596=CARTESIAN_POINT('Origin',(25.,41.,35.));
#4597=CARTESIAN_POINT('',(51.5,41.,72.));
#4598=CARTESIAN_POINT('',(10.,41.,72.));
#4599=CARTESIAN_POINT('',(52.,41.,71.5));
#4600=CARTESIAN_POINT('Origin',(51.5,41.,71.5));
#4601=CARTESIAN_POINT('',(52.,41.,-2.));
#4602=CARTESIAN_POINT('',(52.,41.,55.));
#4603=CARTESIAN_POINT('',(-2.,41.,-2.));
#4604=CARTESIAN_POINT('',(10.,41.,-2.));
#4605=CARTESIAN_POINT('',(-2.,41.,55.));
#4606=CARTESIAN_POINT('',(1.,41.,1.));
#4607=CARTESIAN_POINT('',(0.999999999999996,41.,69.));
#4608=CARTESIAN_POINT('',(0.999999999999999,41.,52.5));
#4609=CARTESIAN_POINT('',(49.,41.,1.));
#4610=CARTESIAN_POINT('',(37.5,41.,0.999999999999999));
#4611=CARTESIAN_POINT('',(49.,41.,69.));
#4612=CARTESIAN_POINT('',(49.,41.,17.5));
#4613=CARTESIAN_POINT('',(37.5,41.,69.));
#4614=CARTESIAN_POINT('',(0.499999992549419,41.,-0.500000007450581));
#4615=CARTESIAN_POINT('Origin',(-0.500000007450581,41.,-0.500000007450581));
#4616=CARTESIAN_POINT('',(0.500000007450581,41.,70.5000010505319));
#4617=CARTESIAN_POINT('Origin',(-0.500000007450581,41.,70.5000010505319));
#4618=CARTESIAN_POINT('',(51.5000007525086,41.,-0.500000007450581));
#4619=CARTESIAN_POINT('Origin',(50.5000007525086,41.,-0.500000007450581));
#4620=CARTESIAN_POINT('',(51.5000007674098,41.,70.5000010505319));
#4621=CARTESIAN_POINT('Origin',(50.5000007525086,41.,70.5000010505319));
#4622=CARTESIAN_POINT('Origin',(-5.,0.,72.));
#4623=CARTESIAN_POINT('',(51.5,0.,72.));
#4624=CARTESIAN_POINT('',(10.,0.,72.));
#4625=CARTESIAN_POINT('',(51.5,9.,72.));
#4626=CARTESIAN_POINT('',(23.000000372529,24.5000003650784,72.));
#4627=CARTESIAN_POINT('',(23.0000003427267,34.5000005140901,72.));
#4628=CARTESIAN_POINT('',(23.000000372529,17.250000257045,72.));
#4629=CARTESIAN_POINT('',(27.000000372529,34.5000005140901,72.));
#4630=CARTESIAN_POINT('',(11.0000001862645,34.5000005140901,72.));
#4631=CARTESIAN_POINT('',(27.0000004023314,24.5000003650784,72.));
#4632=CARTESIAN_POINT('',(27.000000372529,12.2500001825392,72.));
#4633=CARTESIAN_POINT('',(9.00000018626451,24.5000003650784,72.));
#4634=CARTESIAN_POINT('Origin',(51.5,9.,71.5));
#4635=CARTESIAN_POINT('',(52.,0.,71.5));
#4636=CARTESIAN_POINT('Origin',(51.5,0.,71.5));
#4637=CARTESIAN_POINT('',(52.,9.,71.5));
#4638=CARTESIAN_POINT('Origin',(50.5000007525086,41.,70.5000010505319));
#4639=CARTESIAN_POINT('',(51.5000007674098,0.,70.5000010505319));
#4640=CARTESIAN_POINT('',(51.5000007674098,41.,70.5000010505319));
#4641=CARTESIAN_POINT('',(49.6339759380435,0.,70.));
#4642=CARTESIAN_POINT('Origin',(50.5000007525086,0.,70.5000010505319));
#4643=CARTESIAN_POINT('',(49.6339759380435,18.,70.));
#4644=CARTESIAN_POINT('',(49.6339759380435,41.,70.));
#4645=CARTESIAN_POINT('',(50.,18.,69.6339760640025));
#4646=CARTESIAN_POINT('Origin',(50.5000007525086,18.,70.5000010505319));
#4647=CARTESIAN_POINT('',(50.,0.,69.6339760640025));
#4648=CARTESIAN_POINT('',(50.,41.,69.6339760640025));
#4649=CARTESIAN_POINT('Origin',(50.5000007525086,0.,70.5000010505319));
#4650=CARTESIAN_POINT('Origin',(50.5000007525086,41.,-0.500000007450581));
#4651=CARTESIAN_POINT('',(51.5000007525086,0.,-0.50000000745058));
#4652=CARTESIAN_POINT('',(51.5000007525086,41.,-0.50000000745058));
#4653=CARTESIAN_POINT('',(50.,0.,0.366024961872352));
#4654=CARTESIAN_POINT('Origin',(50.5000007525086,0.,-0.500000007450581));
#4655=CARTESIAN_POINT('',(50.,41.,0.366024961872352));
#4656=CARTESIAN_POINT('',(49.6339753530258,0.,0.));
#4657=CARTESIAN_POINT('',(49.6339753530258,41.,0.));
#4658=CARTESIAN_POINT('Origin',(50.5000007525086,0.,-0.500000007450581));
#4659=CARTESIAN_POINT('',(50.,18.,0.366024961872352));
#4660=CARTESIAN_POINT('',(50.,41.,0.366024961872352));
#4661=CARTESIAN_POINT('Origin',(50.5000007525086,18.,-0.500000007450581));
#4662=CARTESIAN_POINT('Origin',(-0.500000007450581,41.,70.5000010505319));
#4663=CARTESIAN_POINT('',(0.500000007450581,0.,70.5000010505319));
#4664=CARTESIAN_POINT('',(0.500000007450581,41.,70.5000010505319));
#4665=CARTESIAN_POINT('',(0.,0.,69.6339756338426));
#4666=CARTESIAN_POINT('Origin',(-0.500000007450581,0.,70.5000010505319));
#4667=CARTESIAN_POINT('',(0.,18.,69.6339756338426));
#4668=CARTESIAN_POINT('',(0.,41.,69.6339756338426));
#4669=CARTESIAN_POINT('',(0.366024807014545,18.,70.));
#4670=CARTESIAN_POINT('Origin',(-0.500000007450581,18.,70.5000010505319));
#4671=CARTESIAN_POINT('',(0.366024807014545,0.,70.));
#4672=CARTESIAN_POINT('',(0.366024807014545,41.,70.));
#4673=CARTESIAN_POINT('Origin',(-0.500000007450581,0.,70.5000010505319));
#4674=CARTESIAN_POINT('Origin',(-0.500000007450581,41.,-0.500000007450581));
#4675=CARTESIAN_POINT('',(0.499999992549419,0.,-0.50000000745058));
#4676=CARTESIAN_POINT('',(0.499999992549419,41.,-0.50000000745058));
#4677=CARTESIAN_POINT('',(0.366025392032263,0.,0.));
#4678=CARTESIAN_POINT('Origin',(-0.500000007450581,0.,-0.500000007450581));
#4679=CARTESIAN_POINT('',(0.366025392032263,41.,0.));
#4680=CARTESIAN_POINT('',(0.,0.,0.366025392032263));
#4681=CARTESIAN_POINT('',(0.,41.,0.366025392032263));
#4682=CARTESIAN_POINT('Origin',(-0.500000007450581,0.,-0.500000007450581));
#4683=CARTESIAN_POINT('',(0.,8.00000011920929,0.366025392032263));
#4684=CARTESIAN_POINT('Origin',(-0.500000007450581,8.00000011920929,-0.500000007450581));
#4685=CARTESIAN_POINT('',(0.,18.,0.366025392032263));
#4686=CARTESIAN_POINT('Origin',(-0.500000007450581,18.,-0.500000007450581));
#4687=CARTESIAN_POINT('',(0.,41.,0.366025392032263));
#4688=CARTESIAN_POINT('Origin',(50.,0.,70.));
#4689=CARTESIAN_POINT('',(50.,0.,70.));
#4690=CARTESIAN_POINT('',(50.,18.,70.));
#4691=CARTESIAN_POINT('Origin',(0.,0.,0.));
#4692=CARTESIAN_POINT('',(0.,0.,0.));
#4693=CARTESIAN_POINT('Origin',(0.,0.,70.));
#4694=CARTESIAN_POINT('',(0.,0.,70.));
#4695=CARTESIAN_POINT('',(0.,8.00000011920929,25.));
#4696=CARTESIAN_POINT('',(0.,3.00000004470348,25.));
#4697=CARTESIAN_POINT('',(0.,8.00000011920929,35.));
#4698=CARTESIAN_POINT('',(0.,18.,70.));
#4699=CARTESIAN_POINT('Origin',(-1.,18.,71.));
#4700=CARTESIAN_POINT('',(50.,18.,0.));
#4701=CARTESIAN_POINT('',(49.,18.,69.));
#4702=CARTESIAN_POINT('',(0.999999999999996,18.,69.));
#4703=CARTESIAN_POINT('',(37.5,18.,69.));
#4704=CARTESIAN_POINT('',(49.,18.,1.));
#4705=CARTESIAN_POINT('',(49.,18.,17.5));
#4706=CARTESIAN_POINT('',(1.,18.,1.));
#4707=CARTESIAN_POINT('',(12.5,18.,0.999999999999999));
#4708=CARTESIAN_POINT('',(0.999999999999999,18.,52.5));
#4709=CARTESIAN_POINT('Origin',(27.000000372529,24.5000003650784,71.));
#4710=CARTESIAN_POINT('',(27.000000372529,34.5000005140901,71.));
#4711=CARTESIAN_POINT('',(27.000000372529,34.5000005140901,71.));
#4712=CARTESIAN_POINT('',(27.0000004023314,24.5000003650784,71.));
#4713=CARTESIAN_POINT('',(27.000000372529,27.0000004023314,71.));
#4714=CARTESIAN_POINT('',(27.0000004023314,24.5000003650784,71.));
#4715=CARTESIAN_POINT('Origin',(23.000000372529,24.5000003650784,71.));
#4716=CARTESIAN_POINT('',(23.000000372529,24.5000003650784,71.));
#4717=CARTESIAN_POINT('',(24.000000372529,24.5000003650784,71.));
#4718=CARTESIAN_POINT('',(23.000000372529,24.5000003650784,71.));
#4719=CARTESIAN_POINT('Origin',(23.000000372529,34.5000005140901,71.));
#4720=CARTESIAN_POINT('',(23.0000003427267,34.5000005140901,71.));
#4721=CARTESIAN_POINT('',(23.000000372529,32.0000004768372,71.));
#4722=CARTESIAN_POINT('',(23.0000003427267,34.5000005140901,71.));
#4723=CARTESIAN_POINT('Origin',(27.000000372529,34.5000005140901,71.));
#4724=CARTESIAN_POINT('',(26.000000372529,34.5000005140901,71.));
#4725=CARTESIAN_POINT('Origin',(34.000000372529,20.5000004395843,69.));
#4726=CARTESIAN_POINT('',(34.000000372529,20.5000004395843,69.));
#4727=CARTESIAN_POINT('',(34.000000372529,38.5000004395843,69.));
#4728=CARTESIAN_POINT('',(34.000000372529,19.2500002197921,69.));
#4729=CARTESIAN_POINT('',(34.000000372529,20.5000004395843,71.));
#4730=CARTESIAN_POINT('',(34.000000372529,20.5000004395843,69.));
#4731=CARTESIAN_POINT('',(34.000000372529,38.5000004395843,71.));
#4732=CARTESIAN_POINT('',(34.000000372529,20.5000004395843,71.));
#4733=CARTESIAN_POINT('',(34.000000372529,38.5000004395843,69.));
#4734=CARTESIAN_POINT('Origin',(16.000000372529,20.5000004395843,69.));
#4735=CARTESIAN_POINT('',(16.000000372529,20.5000004395843,69.));
#4736=CARTESIAN_POINT('',(33.0000001862645,20.5000004395843,69.));
#4737=CARTESIAN_POINT('',(16.000000372529,20.5000004395843,71.));
#4738=CARTESIAN_POINT('',(16.000000372529,20.5000004395843,69.));
#4739=CARTESIAN_POINT('',(16.000000372529,20.5000004395843,71.));
#4740=CARTESIAN_POINT('Origin',(16.000000372529,38.5000004395843,69.));
#4741=CARTESIAN_POINT('',(16.000000372529,38.5000004395843,69.));
#4742=CARTESIAN_POINT('',(16.000000372529,28.2500002197921,69.));
#4743=CARTESIAN_POINT('',(16.000000372529,38.5000004395843,71.));
#4744=CARTESIAN_POINT('',(16.000000372529,38.5000004395843,69.));
#4745=CARTESIAN_POINT('',(16.000000372529,38.5000004395843,71.));
#4746=CARTESIAN_POINT('Origin',(34.000000372529,38.5000004395843,69.));
#4747=CARTESIAN_POINT('',(42.0000001862645,38.5000004395843,69.));
#4748=CARTESIAN_POINT('',(34.000000372529,38.5000004395843,71.));
#4749=CARTESIAN_POINT('Origin',(25.000000372529,29.5000004395843,71.));
#4750=CARTESIAN_POINT('Origin',(44.,32.0000000372529,65.4999999627471));
#4751=CARTESIAN_POINT('',(49.,33.6000000372529,65.4999999627471));
#4752=CARTESIAN_POINT('Origin',(49.,32.0000000372529,65.4999999627471));
#4753=CARTESIAN_POINT('',(51.,33.6000000372529,65.4999999627471));
#4754=CARTESIAN_POINT('',(44.,33.6000000372529,65.4999999627471));
#4755=CARTESIAN_POINT('Origin',(51.,32.0000000372529,65.4999999627471));
#4756=CARTESIAN_POINT('Origin',(51.,32.0000000372529,65.4999999627471));
#4757=CARTESIAN_POINT('Origin',(50.,18.,69.));
#4758=CARTESIAN_POINT('',(49.,18.,69.));
#4759=CARTESIAN_POINT('',(1.,18.,69.));
#4760=CARTESIAN_POINT('Origin',(1.,18.,70.));
#4761=CARTESIAN_POINT('',(1.,18.,0.999999999999996));
#4762=CARTESIAN_POINT('Origin',(49.,18.,0.));
#4763=CARTESIAN_POINT('',(49.,18.,1.));
#4764=CARTESIAN_POINT('Origin',(0.,18.,1.));
#4765=CARTESIAN_POINT('Origin',(-5.,0.,-2.));
#4766=CARTESIAN_POINT('',(52.,0.,-2.));
#4767=CARTESIAN_POINT('',(52.,9.,-2.));
#4768=CARTESIAN_POINT('',(-2.,0.,-2.));
#4769=CARTESIAN_POINT('',(10.,0.,-2.));
#4770=CARTESIAN_POINT('',(-2.,0.,-2.));
#4771=CARTESIAN_POINT('Origin',(-2.,0.,75.));
#4772=CARTESIAN_POINT('',(-2.,0.,55.));
#4773=CARTESIAN_POINT('Origin',(52.,18.,75.));
#4774=CARTESIAN_POINT('',(52.,0.,55.));
#4775=CARTESIAN_POINT('Origin',(25.,0.,35.));
#4776=CARTESIAN_POINT('',(50.,0.,0.));
#4777=CARTESIAN_POINT('Origin',(16.0000002384186,4.00000005960464,15.0000002235174));
#4778=CARTESIAN_POINT('',(16.0000002384186,5.00000007450581,25.));
#4779=CARTESIAN_POINT('Origin',(50.0000007450581,8.00000011920929,0.));
#4780=CARTESIAN_POINT('',(50.0000007450581,8.00000011920929,60.));
#4781=CARTESIAN_POINT('',(20.0000002980232,8.00000011920929,60.));
#4782=CARTESIAN_POINT('',(50.,8.00000011920929,0.));
#4783=CARTESIAN_POINT('Origin',(35.0000005215406,7.00000010430813,60.));
#4784=CARTESIAN_POINT('',(50.0000007450581,6.00000008940697,60.));
#4785=CARTESIAN_POINT('',(50.0000007450581,6.00000008940697,60.));
#4786=CARTESIAN_POINT('',(50.,3.50000005215406,60.));
#4787=CARTESIAN_POINT('Origin',(20.0000002980232,6.00000008940697,25.));
#4788=CARTESIAN_POINT('',(50.,6.00000008940697,12.5));
#4789=CARTESIAN_POINT('Origin',(25.000000372529,6.00000008940697,25.));
#4790=CARTESIAN_POINT('',(10.0000001490116,8.00000011920929,25.));
#4791=CARTESIAN_POINT('',(10.0000001490116,8.00000011920929,25.));
#4792=CARTESIAN_POINT('',(50.0000007450581,8.00000011920929,25.));
#4793=CARTESIAN_POINT('Origin',(32.0000007450581,14.0000001192093,13.));
#4794=CARTESIAN_POINT('',(33.0500007450581,6.00000011920929,13.));
#4795=CARTESIAN_POINT('',(33.0500007450581,14.0000001192093,13.));
#4796=CARTESIAN_POINT('Origin',(32.0000007450581,6.00000011920929,13.));
#4797=CARTESIAN_POINT('Origin',(32.0000007450581,6.00000011920929,13.));
#4798=CARTESIAN_POINT('Origin',(10.0000001490116,8.00000011920929,0.));
#4799=CARTESIAN_POINT('',(10.0000001490116,8.00000011920929,0.));
#4800=CARTESIAN_POINT('Origin',(50.,0.,0.));
#4801=CARTESIAN_POINT('Origin',(50.0000007450581,8.00000011920929,0.));
#4802=CARTESIAN_POINT('Origin',(-1.5,-2.5,71.5));
#4803=CARTESIAN_POINT('',(-2.,-2.5,71.5));
#4804=CARTESIAN_POINT('',(-1.5,-2.5,72.));
#4805=CARTESIAN_POINT('Origin',(-1.5,-2.5,71.5));
#4806=CARTESIAN_POINT('',(-1.5,-3.,71.5));
#4807=CARTESIAN_POINT('Origin',(-1.5,-2.5,71.5));
#4808=CARTESIAN_POINT('Origin',(-1.5,-2.5,71.5));
#4809=CARTESIAN_POINT('Origin',(-1.5,-2.5,55.));
#4810=CARTESIAN_POINT('',(-2.,-2.5,-2.));
#4811=CARTESIAN_POINT('',(-1.5,-3.,-2.));
#4812=CARTESIAN_POINT('Origin',(-1.5,-2.5,-2.));
#4813=CARTESIAN_POINT('',(-1.5,-3.,-0.500000007450581));
#4814=CARTESIAN_POINT('',(-1.5,-3.,55.));
#4815=CARTESIAN_POINT('',(-1.5,-3.,70.5000010505319));
#4816=CARTESIAN_POINT('',(-1.5,-3.,55.));
#4817=CARTESIAN_POINT('',(-1.5,-3.,55.));
#4818=CARTESIAN_POINT('',(-2.,-2.5,55.));
#4819=CARTESIAN_POINT('Origin',(51.5,-2.5,71.5));
#4820=CARTESIAN_POINT('',(51.5,-2.5,72.));
#4821=CARTESIAN_POINT('',(52.,-2.5,71.5));
#4822=CARTESIAN_POINT('Origin',(51.5,-2.5,71.5));
#4823=CARTESIAN_POINT('',(51.5,-3.,71.5));
#4824=CARTESIAN_POINT('Origin',(51.5,-2.5,71.5));
#4825=CARTESIAN_POINT('Origin',(51.5,-2.5,71.5));
#4826=CARTESIAN_POINT('Origin',(10.,-2.5,71.5));
#4827=CARTESIAN_POINT('',(-0.500000007450581,-3.,71.5));
#4828=CARTESIAN_POINT('',(10.,-3.,71.5));
#4829=CARTESIAN_POINT('',(50.5000007525086,-3.,71.5));
#4830=CARTESIAN_POINT('',(10.,-3.,71.5));
#4831=CARTESIAN_POINT('',(10.,-3.,71.5));
#4832=CARTESIAN_POINT('',(10.,-2.5,72.));
#4833=CARTESIAN_POINT('Origin',(51.5,-2.5,55.));
#4834=CARTESIAN_POINT('',(51.5,-3.,-2.));
#4835=CARTESIAN_POINT('',(52.,-2.5,-2.));
#4836=CARTESIAN_POINT('Origin',(51.5,-2.5,-2.));
#4837=CARTESIAN_POINT('',(52.,-2.5,55.));
#4838=CARTESIAN_POINT('',(51.5000007674098,-3.,70.5000010505319));
#4839=CARTESIAN_POINT('',(51.5,-3.,55.));
#4840=CARTESIAN_POINT('',(51.5000007525086,-3.,-0.500000007450581));
#4841=CARTESIAN_POINT('',(51.5,-3.,55.));
#4842=CARTESIAN_POINT('',(51.5,-3.,55.));
#4843=CARTESIAN_POINT('Origin',(51.5,9.,71.5));
#4844=CARTESIAN_POINT('',(52.,0.,71.5));
#4845=CARTESIAN_POINT('',(51.5,0.,72.));
#4846=CARTESIAN_POINT('Origin',(51.5,0.,71.5));
#4847=CARTESIAN_POINT('',(51.5,9.,72.));
#4848=CARTESIAN_POINT('',(52.,9.,71.5));
#4849=CARTESIAN_POINT('Origin',(-1.5,0.,71.5));
#4850=CARTESIAN_POINT('',(-1.5,0.,72.));
#4851=CARTESIAN_POINT('',(-2.,0.,71.5));
#4852=CARTESIAN_POINT('Origin',(-1.5,0.,71.5));
#4853=CARTESIAN_POINT('',(-2.,0.,71.5));
#4854=CARTESIAN_POINT('',(-1.5,0.,72.));
#4855=CARTESIAN_POINT('Origin',(25.,-3.,35.));
#4856=CARTESIAN_POINT('Origin',(-0.500000007450581,-3.,70.5000010505319));
#4857=CARTESIAN_POINT('Origin',(25.,-3.,35.));
#4858=CARTESIAN_POINT('Origin',(50.5000007525086,-3.,70.5000010505319));
#4859=CARTESIAN_POINT('Origin',(-2.,0.,75.));
#4860=CARTESIAN_POINT('',(-2.,0.,-2.));
#4861=CARTESIAN_POINT('',(-2.,0.,55.));
#4862=CARTESIAN_POINT('',(-2.,0.,-2.));
#4863=CARTESIAN_POINT('Origin',(50.5000007525086,41.,70.5000010505319));
#4864=CARTESIAN_POINT('',(51.5000007674098,0.,70.5000010505319));
#4865=CARTESIAN_POINT('Origin',(50.5000007525086,0.,70.5000010505319));
#4866=CARTESIAN_POINT('',(51.5000007674098,41.,70.5000010505319));
#4867=CARTESIAN_POINT('Origin',(50.5000007525086,-3.,70.5000010505319));
#4868=CARTESIAN_POINT('Origin',(50.5000007525086,41.,-0.500000007450581));
#4869=CARTESIAN_POINT('',(51.5000007525086,0.,-0.50000000745058));
#4870=CARTESIAN_POINT('Origin',(50.5000007525086,0.,-0.500000007450581));
#4871=CARTESIAN_POINT('',(51.5000007525086,41.,-0.50000000745058));
#4872=CARTESIAN_POINT('Origin',(50.5000007525086,-3.,-0.500000007450581));
#4873=CARTESIAN_POINT('Origin',(-0.500000007450581,41.,70.5000010505319));
#4874=CARTESIAN_POINT('',(0.500000007450581,0.,70.5000010505319));
#4875=CARTESIAN_POINT('Origin',(-0.500000007450581,0.,70.5000010505319));
#4876=CARTESIAN_POINT('',(0.500000007450581,-3.,70.5000010505319));
#4877=CARTESIAN_POINT('',(0.500000007450581,41.,70.5000010505319));
#4878=CARTESIAN_POINT('Origin',(-0.500000007450581,-3.,70.5000010505319));
#4879=CARTESIAN_POINT('Origin',(-0.500000007450581,-3.,70.5000010505319));
#4880=CARTESIAN_POINT('Origin',(-0.500000007450581,41.,-0.500000007450581));
#4881=CARTESIAN_POINT('',(0.499999992549419,0.,-0.50000000745058));
#4882=CARTESIAN_POINT('Origin',(-0.500000007450581,0.,-0.500000007450581));
#4883=CARTESIAN_POINT('',(0.499999992549419,-3.,-0.50000000745058));
#4884=CARTESIAN_POINT('',(0.499999992549419,41.,-0.50000000745058));
#4885=CARTESIAN_POINT('Origin',(-0.500000007450581,-3.,-0.500000007450581));
#4886=CARTESIAN_POINT('Origin',(-0.500000007450581,-3.,-0.500000007450581));
#4887=CARTESIAN_POINT('Origin',(-5.,0.,-2.));
#4888=CARTESIAN_POINT('',(10.,-3.,-2.));
#4889=CARTESIAN_POINT('',(52.,0.,-2.));
#4890=CARTESIAN_POINT('',(10.,0.,-2.));
#4891=CARTESIAN_POINT('',(52.,9.,-2.));
#4892=CARTESIAN_POINT('Origin',(25.,0.,35.));
#4893=CARTESIAN_POINT('',(52.,0.,55.));
#4894=CARTESIAN_POINT('',(10.,0.,72.));
#4895=CARTESIAN_POINT('',(3.00000004470348,0.,13.0000001937151));
#4896=CARTESIAN_POINT('',(3.00000004470348,0.,62.));
#4897=CARTESIAN_POINT('',(3.00000004470348,0.,62.));
#4898=CARTESIAN_POINT('',(47.0000007003546,0.,13.0000001937151));
#4899=CARTESIAN_POINT('',(50.0000007450581,0.,13.));
#4900=CARTESIAN_POINT('',(47.0000007003546,0.,62.));
#4901=CARTESIAN_POINT('',(47.0000007003546,0.,62.));
#4902=CARTESIAN_POINT('',(50.,0.,62.));
#4903=CARTESIAN_POINT('Origin',(-5.,0.,72.));
#4904=CARTESIAN_POINT('Origin',(52.,18.,75.));
#4905=CARTESIAN_POINT('Origin',(25.,-3.,35.));
#4906=CARTESIAN_POINT('',(3.00000004470348,-3.,13.0000001937151));
#4907=CARTESIAN_POINT('',(3.00000004470348,-3.,62.));
#4908=CARTESIAN_POINT('',(3.00000004470348,-3.,62.));
#4909=CARTESIAN_POINT('',(47.0000007003546,-3.,62.));
#4910=CARTESIAN_POINT('',(50.,-3.,62.));
#4911=CARTESIAN_POINT('',(47.0000007003546,-3.,13.0000001937151));
#4912=CARTESIAN_POINT('',(47.0000007003546,-3.,62.));
#4913=CARTESIAN_POINT('',(50.0000007450581,-3.,13.));
#4914=CARTESIAN_POINT('Origin',(47.0000007003546,0.,13.));
#4915=CARTESIAN_POINT('',(3.00000004470348,0.,13.0000001937151));
#4916=CARTESIAN_POINT('',(47.0000007003546,0.,13.0000001937151));
#4917=CARTESIAN_POINT('Origin',(47.0000007003546,0.,62.));
#4918=CARTESIAN_POINT('',(47.0000007003546,0.,62.));
#4919=CARTESIAN_POINT('Origin',(3.00000004470348,0.,62.));
#4920=CARTESIAN_POINT('',(3.00000004470348,0.,62.));
#4921=CARTESIAN_POINT('Origin',(3.00000004470348,0.,13.0000001937151));
#4922=CARTESIAN_POINT('Origin',(-1.5,43.5,71.5));
#4923=CARTESIAN_POINT('',(-2.,43.5,71.5));
#4924=CARTESIAN_POINT('',(-1.5,44.,71.5));
#4925=CARTESIAN_POINT('Origin',(-1.5,43.5,71.5));
#4926=CARTESIAN_POINT('',(-1.5,43.5,72.));
#4927=CARTESIAN_POINT('Origin',(-1.5,43.5,71.5));
#4928=CARTESIAN_POINT('Origin',(-1.5,43.5,71.5));
#4929=CARTESIAN_POINT('Origin',(-1.5,41.,71.5));
#4930=CARTESIAN_POINT('',(-2.,41.,71.5));
#4931=CARTESIAN_POINT('',(-1.5,41.,72.));
#4932=CARTESIAN_POINT('Origin',(-1.5,41.,71.5));
#4933=CARTESIAN_POINT('',(-1.5,41.,72.));
#4934=CARTESIAN_POINT('',(-2.,41.,71.5));
#4935=CARTESIAN_POINT('Origin',(51.5,43.5,71.5));
#4936=CARTESIAN_POINT('',(52.,43.5,71.5));
#4937=CARTESIAN_POINT('',(51.5,43.5,72.));
#4938=CARTESIAN_POINT('Origin',(51.5,43.5,71.5));
#4939=CARTESIAN_POINT('',(51.5,44.,71.5));
#4940=CARTESIAN_POINT('Origin',(51.5,43.5,71.5));
#4941=CARTESIAN_POINT('Origin',(51.5,43.5,71.5));
#4942=CARTESIAN_POINT('Origin',(51.5,43.5,55.));
#4943=CARTESIAN_POINT('',(52.,43.5,-2.));
#4944=CARTESIAN_POINT('',(51.5,44.,-2.));
#4945=CARTESIAN_POINT('Origin',(51.5,43.5,-2.));
#4946=CARTESIAN_POINT('',(51.5000007525086,44.,-0.50000000745058));
#4947=CARTESIAN_POINT('',(51.5,44.,55.));
#4948=CARTESIAN_POINT('',(51.5000007674098,44.,70.5000010505319));
#4949=CARTESIAN_POINT('',(51.5,44.,55.));
#4950=CARTESIAN_POINT('',(51.5,44.,55.));
#4951=CARTESIAN_POINT('',(52.,43.5,55.));
#4952=CARTESIAN_POINT('Origin',(10.,43.5,71.5));
#4953=CARTESIAN_POINT('',(10.,43.5,72.));
#4954=CARTESIAN_POINT('',(50.5000007525086,44.,71.5));
#4955=CARTESIAN_POINT('',(10.,44.,71.5));
#4956=CARTESIAN_POINT('',(-0.500000007450581,44.,71.5));
#4957=CARTESIAN_POINT('',(10.,44.,71.5));
#4958=CARTESIAN_POINT('',(10.,44.,71.5));
#4959=CARTESIAN_POINT('Origin',(51.5,41.,71.5));
#4960=CARTESIAN_POINT('',(51.5,41.,72.));
#4961=CARTESIAN_POINT('',(52.,41.,71.5));
#4962=CARTESIAN_POINT('Origin',(51.5,41.,71.5));
#4963=CARTESIAN_POINT('',(52.,41.,71.5));
#4964=CARTESIAN_POINT('',(51.5,41.,72.));
#4965=CARTESIAN_POINT('Origin',(-1.5,43.5,15.));
#4966=CARTESIAN_POINT('',(-1.5,44.,-2.));
#4967=CARTESIAN_POINT('',(-2.,43.5,-2.));
#4968=CARTESIAN_POINT('Origin',(-1.5,43.5,-2.));
#4969=CARTESIAN_POINT('',(-2.,43.5,15.));
#4970=CARTESIAN_POINT('',(-1.5,44.,70.5000010505319));
#4971=CARTESIAN_POINT('',(-1.5,44.,15.));
#4972=CARTESIAN_POINT('',(-1.5,44.,-0.500000007450581));
#4973=CARTESIAN_POINT('',(-1.5,44.,15.));
#4974=CARTESIAN_POINT('',(-1.5,44.,15.));
#4975=CARTESIAN_POINT('Origin',(52.,41.,75.));
#4976=CARTESIAN_POINT('',(52.,41.,-2.));
#4977=CARTESIAN_POINT('',(52.,41.,55.));
#4978=CARTESIAN_POINT('',(52.,41.,-2.));
#4979=CARTESIAN_POINT('Origin',(-5.,41.,72.));
#4980=CARTESIAN_POINT('',(10.,41.,72.));
#4981=CARTESIAN_POINT('Origin',(25.,41.,35.));
#4982=CARTESIAN_POINT('',(-2.,41.,-2.));
#4983=CARTESIAN_POINT('',(-2.,41.,15.));
#4984=CARTESIAN_POINT('',(40.,41.,-2.));
#4985=CARTESIAN_POINT('',(51.5000007674098,41.,70.5000010505319));
#4986=CARTESIAN_POINT('Origin',(50.5000007525086,41.,70.5000010505319));
#4987=CARTESIAN_POINT('',(51.5000007525086,41.,-0.500000007450581));
#4988=CARTESIAN_POINT('Origin',(50.5000007525086,41.,-0.500000007450581));
#4989=CARTESIAN_POINT('',(0.500000007450581,41.,70.5000010505319));
#4990=CARTESIAN_POINT('Origin',(-0.500000007450581,41.,70.5000010505319));
#4991=CARTESIAN_POINT('',(0.499999992549419,41.,-0.500000007450581));
#4992=CARTESIAN_POINT('Origin',(-0.500000007450581,41.,-0.500000007450581));
#4993=CARTESIAN_POINT('',(47.0000007152557,41.,4.00000005960464));
#4994=CARTESIAN_POINT('',(46.0000006705523,41.,4.00000005960464));
#4995=CARTESIAN_POINT('',(35.0000003352761,41.,4.00000005960464));
#4996=CARTESIAN_POINT('',(45.0000006705523,41.,5.00000005960465));
#4997=CARTESIAN_POINT('Origin',(46.0000006705523,41.,5.00000005960465));
#4998=CARTESIAN_POINT('',(45.0000006705523,41.,12.0000001937151));
#4999=CARTESIAN_POINT('',(45.0000006705523,41.,24.0000000968575));
#5000=CARTESIAN_POINT('',(46.0000006705523,41.,13.0000001937151));
#5001=CARTESIAN_POINT('Origin',(46.0000006705523,41.,12.0000001937151));
#5002=CARTESIAN_POINT('',(47.0000007152557,41.,13.0000001937151));
#5003=CARTESIAN_POINT('',(36.5000003576279,41.,13.0000001937151));
#5004=CARTESIAN_POINT('',(48.0000007152557,41.,12.0000001937151));
#5005=CARTESIAN_POINT('Origin',(47.0000007152557,41.,12.0000001937151));
#5006=CARTESIAN_POINT('',(48.0000007152557,41.,5.00000005960465));
#5007=CARTESIAN_POINT('',(48.0000007152557,41.,19.5000000298023));
#5008=CARTESIAN_POINT('Origin',(47.0000007152557,41.,5.00000005960464));
#5009=CARTESIAN_POINT('Origin',(-2.,41.,-5.));
#5010=CARTESIAN_POINT('',(-2.,41.,-2.));
#5011=CARTESIAN_POINT('Origin',(25.,44.,35.));
#5012=CARTESIAN_POINT('Origin',(-0.500000007450581,44.,70.5000010505319));
#5013=CARTESIAN_POINT('Origin',(25.,44.,35.));
#5014=CARTESIAN_POINT('Origin',(50.5000007525086,44.,70.5000010505319));
#5015=CARTESIAN_POINT('Origin',(46.0000006705523,44.,5.00000005960465));
#5016=CARTESIAN_POINT('',(46.0000006705523,44.,4.00000005960464));
#5017=CARTESIAN_POINT('',(45.0000006705523,44.,5.00000005960465));
#5018=CARTESIAN_POINT('Origin',(46.0000006705523,44.,5.00000005960465));
#5019=CARTESIAN_POINT('',(45.0000006705523,44.,5.00000005960465));
#5020=CARTESIAN_POINT('',(46.0000006705523,44.,4.00000005960464));
#5021=CARTESIAN_POINT('Origin',(45.0000006705523,44.,13.0000001937151));
#5022=CARTESIAN_POINT('',(45.0000006705523,44.,12.0000001937151));
#5023=CARTESIAN_POINT('',(45.0000006705523,44.,24.0000000968575));
#5024=CARTESIAN_POINT('',(45.0000006705523,44.,12.0000001937151));
#5025=CARTESIAN_POINT('Origin',(47.0000007152557,44.,5.00000005960464));
#5026=CARTESIAN_POINT('',(48.0000007152557,44.,5.00000005960465));
#5027=CARTESIAN_POINT('',(47.0000007152557,44.,4.00000005960464));
#5028=CARTESIAN_POINT('Origin',(47.0000007152557,44.,5.00000005960464));
#5029=CARTESIAN_POINT('',(47.0000007152557,44.,4.00000005960464));
#5030=CARTESIAN_POINT('',(48.0000007152557,44.,5.00000005960464));
#5031=CARTESIAN_POINT('Origin',(45.0000006705523,44.,4.00000005960464));
#5032=CARTESIAN_POINT('',(35.0000003352761,44.,4.00000005960464));
#5033=CARTESIAN_POINT('Origin',(47.0000007152557,44.,12.0000001937151));
#5034=CARTESIAN_POINT('',(47.0000007152557,44.,13.0000001937151));
#5035=CARTESIAN_POINT('',(48.0000007152557,44.,12.0000001937151));
#5036=CARTESIAN_POINT('Origin',(47.0000007152557,44.,12.0000001937151));
#5037=CARTESIAN_POINT('',(48.0000007152557,44.,12.0000001937151));
#5038=CARTESIAN_POINT('',(47.0000007152557,44.,13.0000001937151));
#5039=CARTESIAN_POINT('Origin',(48.0000007152557,44.,4.00000005960464));
#5040=CARTESIAN_POINT('',(48.0000007152557,44.,19.5000000298023));
#5041=CARTESIAN_POINT('Origin',(46.0000006705523,44.,12.0000001937151));
#5042=CARTESIAN_POINT('',(46.0000006705523,44.,13.0000001937151));
#5043=CARTESIAN_POINT('Origin',(46.0000006705523,44.,12.0000001937151));
#5044=CARTESIAN_POINT('',(46.0000006705523,44.,13.0000001937151));
#5045=CARTESIAN_POINT('Origin',(48.0000007152557,44.,13.0000001937151));
#5046=CARTESIAN_POINT('',(36.5000003576279,44.,13.0000001937151));
#5047=CARTESIAN_POINT('Origin',(50.5000007525086,41.,70.5000010505319));
#5048=CARTESIAN_POINT('',(51.5000007674098,41.,70.5000010505319));
#5049=CARTESIAN_POINT('Origin',(50.5000007525086,44.,70.5000010505319));
#5050=CARTESIAN_POINT('Origin',(50.5000007525086,41.,-0.500000007450581));
#5051=CARTESIAN_POINT('',(51.5000007525086,41.,-0.500000007450581));
#5052=CARTESIAN_POINT('Origin',(50.5000007525086,44.,-0.500000007450581));
#5053=CARTESIAN_POINT('Origin',(-0.500000007450581,41.,70.5000010505319));
#5054=CARTESIAN_POINT('',(0.500000007450581,44.,70.5000010505319));
#5055=CARTESIAN_POINT('',(0.500000007450581,41.,70.5000010505319));
#5056=CARTESIAN_POINT('Origin',(-0.500000007450581,44.,70.5000010505319));
#5057=CARTESIAN_POINT('Origin',(-0.500000007450581,44.,70.5000010505319));
#5058=CARTESIAN_POINT('Origin',(-0.500000007450581,41.,-0.500000007450581));
#5059=CARTESIAN_POINT('',(0.499999992549419,44.,-0.500000007450581));
#5060=CARTESIAN_POINT('',(0.499999992549419,41.,-0.500000007450581));
#5061=CARTESIAN_POINT('Origin',(-0.500000007450581,44.,-0.500000007450581));
#5062=CARTESIAN_POINT('Origin',(-0.500000007450581,44.,-0.500000007450581));
#5063=CARTESIAN_POINT('Origin',(25.,44.,35.));
#5064=CARTESIAN_POINT('',(40.,44.,-2.));
#5065=CARTESIAN_POINT('Origin',(55.,41.,-2.));
#5066=CARTESIAN_POINT('Origin',(13.2958629125111,41.35,11.0000001639128));
#5067=CARTESIAN_POINT('',(10.2085906060831,37.15,11.0000001639128));
#5068=CARTESIAN_POINT('',(13.2958629125111,37.15,11.0000001639128));
#5069=CARTESIAN_POINT('',(7.597925445883,37.15,11.0000001639128));
#5070=CARTESIAN_POINT('',(10.2085906060831,41.35,11.0000001639128));
#5071=CARTESIAN_POINT('',(10.2085906060831,37.15,11.0000001639128));
#5072=CARTESIAN_POINT('',(13.2958629125111,41.35,11.0000001639128));
#5073=CARTESIAN_POINT('',(7.597925445883,41.35,11.0000001639128));
#5074=CARTESIAN_POINT('',(13.2958629125111,37.15,11.0000001639128));
#5075=CARTESIAN_POINT('Origin',(13.0490619005565,37.15,10.7505237803833));
#5076=CARTESIAN_POINT('',(13.2429882012524,41.35,11.0429990705176));
#5077=CARTESIAN_POINT('Origin',(13.0490619005565,41.35,10.7505237803833));
#5078=CARTESIAN_POINT('',(13.2429882012524,37.15,11.0429990705176));
#5079=CARTESIAN_POINT('',(13.2429882012524,37.15,11.0429990705176));
#5080=CARTESIAN_POINT('Origin',(13.0490619005565,37.15,10.7505237803833));
#5081=CARTESIAN_POINT('Origin',(1.89998797925493,41.35,24.29999904));
#5082=CARTESIAN_POINT('',(10.2099882088818,41.35,11.0009992536231));
#5083=CARTESIAN_POINT('Origin',(10.415512079444,41.35,10.712019724905));
#5084=CARTESIAN_POINT('Origin',(11.7574316058652,41.35,8.78743383955672));
#5085=CARTESIAN_POINT('Origin',(1.89998797925493,37.15,24.29999904));
#5086=CARTESIAN_POINT('',(10.2099882088818,37.15,11.0009992536231));
#5087=CARTESIAN_POINT('Origin',(11.7574316058652,37.15,8.78743383955672));
#5088=CARTESIAN_POINT('Origin',(10.415512079444,37.15,10.712019724905));
#5089=CARTESIAN_POINT('Origin',(11.7574316058652,37.15,8.78743383955672));
#5090=CARTESIAN_POINT('',(10.2099882088818,37.15,11.0009992536231));
#5091=CARTESIAN_POINT('Origin',(10.415512079444,37.15,10.712019724905));
#5092=CARTESIAN_POINT('Origin',(36.9499875981577,27.15,27.2999994218423));
#5093=CARTESIAN_POINT('',(1.94998759815773,27.15,27.2999994218423));
#5094=CARTESIAN_POINT('',(36.9499875981577,27.15,27.2999994218423));
#5095=CARTESIAN_POINT('',(19.4499875981577,27.15,27.2999994218423));
#5096=CARTESIAN_POINT('',(1.94998759815773,27.15,65.2999994218423));
#5097=CARTESIAN_POINT('',(1.94998759815773,27.15,27.2999994218423));
#5098=CARTESIAN_POINT('',(36.9499875981577,27.15,65.2999994218423));
#5099=CARTESIAN_POINT('',(36.9499875981577,27.15,65.2999994218423));
#5100=CARTESIAN_POINT('',(36.9499875981577,27.15,27.2999994218423));
#5101=CARTESIAN_POINT('Origin',(19.4499875981577,26.15,65.2999994218423));
#5102=CARTESIAN_POINT('',(1.94998759815773,25.15,65.2999994218423));
#5103=CARTESIAN_POINT('',(1.94998759815773,27.15,65.2999994218423));
#5104=CARTESIAN_POINT('',(36.9499875981577,25.15,65.2999994218423));
#5105=CARTESIAN_POINT('',(1.94998759815773,25.15,65.2999994218423));
#5106=CARTESIAN_POINT('',(36.9499875981577,25.15,65.2999994218423));
#5107=CARTESIAN_POINT('Origin',(1.94998759815773,37.15,25.2999994218423));
#5108=CARTESIAN_POINT('',(36.9499875981577,37.15,25.2999994218423));
#5109=CARTESIAN_POINT('',(1.94998759815773,37.15,25.2999994218423));
#5110=CARTESIAN_POINT('',(1.92498778870633,37.15,25.2999994218423));
#5111=CARTESIAN_POINT('',(36.9499875981577,25.15,25.2999994218423));
#5112=CARTESIAN_POINT('',(36.9499875981577,37.15,25.2999994218423));
#5113=CARTESIAN_POINT('',(1.94998759815773,25.15,25.2999994218423));
#5114=CARTESIAN_POINT('',(36.9499875981577,25.15,25.2999994218423));
#5115=CARTESIAN_POINT('',(1.94998759815773,37.15,25.2999994218423));
#5116=CARTESIAN_POINT('Origin',(19.4499875981577,25.15,26.2999994218423));
#5117=CARTESIAN_POINT('',(36.9499875981577,25.15,27.2999994218423));
#5118=CARTESIAN_POINT('',(1.94998759815773,25.15,27.2999994218423));
#5119=CARTESIAN_POINT('Origin',(1.89998797925493,37.15,24.29999904));
#5120=CARTESIAN_POINT('',(1.94998759815774,37.15,24.2999994218423));
#5121=CARTESIAN_POINT('',(1.94998759815774,37.15,24.2999994218423));
#5122=CARTESIAN_POINT('',(0.449987598157741,37.15,24.2999994218423));
#5123=CARTESIAN_POINT('',(1.94998759815774,37.15,24.2999994218423));
#5124=CARTESIAN_POINT('',(0.449987598157737,37.15,20.7999994218423));
#5125=CARTESIAN_POINT('',(0.449987598157734,37.15,1.29999942184226));
#5126=CARTESIAN_POINT('',(3.7292038969892,37.15,20.7999994218423));
#5127=CARTESIAN_POINT('',(1.92498778870633,37.15,20.7999994218423));
#5128=CARTESIAN_POINT('',(4.7749880276837,37.15,21.2239990647955));
#5129=CARTESIAN_POINT('Origin',(4.77382879216347,37.15,19.725158740117));
#5130=CARTESIAN_POINT('',(6.07998809444091,37.15,21.2239990647955));
#5131=CARTESIAN_POINT('',(4.7749880276837,37.15,21.2239990647955));
#5132=CARTESIAN_POINT('',(6.4059878312268,37.15,21.4479990419074));
#5133=CARTESIAN_POINT('Origin',(6.07694109723421,37.15,21.5776563748278));
#5134=CARTESIAN_POINT('',(10.070988269917,37.15,21.2029991563483));
#5135=CARTESIAN_POINT('Origin',(8.19994328462942,37.15,20.7489005273937));
#5136=CARTESIAN_POINT('',(10.2099882088818,37.15,20.9979989942236));
#5137=CARTESIAN_POINT('Origin',(10.4155117535872,37.15,21.2869782043257));
#5138=CARTESIAN_POINT('',(13.2429882012524,37.15,20.9559989389105));
#5139=CARTESIAN_POINT('Origin',(11.7574317528666,37.15,23.2115622198757));
#5140=CARTESIAN_POINT('',(13.3999877892651,37.15,21.2479989942236));
#5141=CARTESIAN_POINT('Origin',(13.0490627415484,37.15,21.2484737764808));
#5142=CARTESIAN_POINT('',(13.3999877892651,37.15,21.5999989923163));
#5143=CARTESIAN_POINT('',(13.3999877892651,37.15,21.2479989942236));
#5144=CARTESIAN_POINT('',(14.5999875985303,37.15,22.79899899327));
#5145=CARTESIAN_POINT('Origin',(14.598378334547,37.15,21.6006093730483));
#5146=CARTESIAN_POINT('',(17.3999877892651,37.15,22.79999904));
#5147=CARTESIAN_POINT('',(14.5999875985303,37.15,22.79899899327));
#5148=CARTESIAN_POINT('',(18.5999875985303,37.15,21.5739989694281));
#5149=CARTESIAN_POINT('Origin',(17.3997013537902,37.15,21.5994431709714));
#5150=CARTESIAN_POINT('',(18.94998798,37.15,21.2239990647955));
#5151=CARTESIAN_POINT('Origin',(18.9499446795946,37.15,21.5739561458012));
#5152=CARTESIAN_POINT('',(24.7259870492139,37.15,21.2239990647955));
#5153=CARTESIAN_POINT('',(18.94998798,37.15,21.2239990647955));
#5154=CARTESIAN_POINT('',(25.0759874306836,37.15,21.5629990514441));
#5155=CARTESIAN_POINT('Origin',(24.725995070857,37.15,21.5741696432188));
#5156=CARTESIAN_POINT('',(28.9239889107861,37.15,21.5629990514441));
#5157=CARTESIAN_POINT('Origin',(26.9999881707349,37.15,21.498931925649));
#5158=CARTESIAN_POINT('',(29.2739873849072,37.15,21.2239990647955));
#5159=CARTESIAN_POINT('Origin',(29.2739812705454,37.15,21.574169643189));
#5160=CARTESIAN_POINT('',(29.941988559834,37.15,21.2239990647955));
#5161=CARTESIAN_POINT('',(29.2739873849072,37.15,21.2239990647955));
#5162=CARTESIAN_POINT('',(30.6129880868115,37.15,21.0659990724249));
#5163=CARTESIAN_POINT('Origin',(29.9409293008421,37.15,19.7156892218423));
#5164=CARTESIAN_POINT('',(30.9446114923388,37.15,20.8999994218423));
#5165=CARTESIAN_POINT('',(30.6129880868115,37.15,21.0659990724249));
#5166=CARTESIAN_POINT('',(36.9499875981577,37.15,20.8999994218423));
#5167=CARTESIAN_POINT('',(19.4249877887063,37.15,20.8999994218423));
#5168=CARTESIAN_POINT('',(36.9499875981577,37.15,24.2999994218423));
#5169=CARTESIAN_POINT('',(30.49999946,37.15,22.55));
#5170=CARTESIAN_POINT('Origin',(31.5,37.15,22.55));
#5171=CARTESIAN_POINT('',(34.54998882,37.15,22.7999995));
#5172=CARTESIAN_POINT('Origin',(35.44998702,37.15,22.7999995));
#5173=CARTESIAN_POINT('',(10.5000019,37.15,22.55));
#5174=CARTESIAN_POINT('Origin',(11.5000019,37.15,22.55));
#5175=CARTESIAN_POINT('Origin',(1.94998759815774,41.35,24.2999994218423));
#5176=CARTESIAN_POINT('',(1.94998759815774,41.35,24.2999994218423));
#5177=CARTESIAN_POINT('',(1.94998759815774,39.25,24.2999994218423));
#5178=CARTESIAN_POINT('',(1.94998759815774,41.35,27.2999994218423));
#5179=CARTESIAN_POINT('',(1.94998759815774,37.15,27.2999994218423));
#5180=CARTESIAN_POINT('',(1.94998759815774,41.35,24.2999994218423));
#5181=CARTESIAN_POINT('Origin',(1.94998759815774,37.15,27.2999994218423));
#5182=CARTESIAN_POINT('',(36.9499875981577,41.35,27.2999994218423));
#5183=CARTESIAN_POINT('',(36.9499875981577,37.15,27.2999994218423));
#5184=CARTESIAN_POINT('',(1.92498778870634,41.35,27.2999994218423));
#5185=CARTESIAN_POINT('Origin',(0.449987598157737,37.15,1.29999942184226));
#5186=CARTESIAN_POINT('',(0.449987598157737,41.35,20.7999994218423));
#5187=CARTESIAN_POINT('',(0.449987598157739,39.25,20.7999994218423));
#5188=CARTESIAN_POINT('',(0.449987598157741,41.35,24.2999994218423));
#5189=CARTESIAN_POINT('',(0.449987598157741,37.15,24.2999994218423));
#5190=CARTESIAN_POINT('',(0.449987598157737,41.35,12.7999992309211));
#5191=CARTESIAN_POINT('Origin',(11.5000019,37.15,22.55));
#5192=CARTESIAN_POINT('',(10.5000019,41.35,22.55));
#5193=CARTESIAN_POINT('Origin',(11.5000019,41.35,22.55));
#5194=CARTESIAN_POINT('',(10.5000019,37.15,22.55));
#5195=CARTESIAN_POINT('Origin',(35.44998702,37.15,22.7999995));
#5196=CARTESIAN_POINT('',(34.54998882,41.35,22.7999995));
#5197=CARTESIAN_POINT('Origin',(35.44998702,41.35,22.7999995));
#5198=CARTESIAN_POINT('',(34.54998882,37.15,22.7999995));
#5199=CARTESIAN_POINT('Origin',(31.5,37.15,22.55));
#5200=CARTESIAN_POINT('',(30.49999946,41.35,22.55));
#5201=CARTESIAN_POINT('Origin',(31.5,41.35,22.55));
#5202=CARTESIAN_POINT('',(30.49999946,37.15,22.55));
#5203=CARTESIAN_POINT('Origin',(8.19994328462942,37.15,20.7489005273937));
#5204=CARTESIAN_POINT('',(6.4059878312268,41.35,21.4479990419074));
#5205=CARTESIAN_POINT('',(10.070988269917,41.35,21.2029991563483));
#5206=CARTESIAN_POINT('Origin',(8.19994328462942,41.35,20.7489005273937));
#5207=CARTESIAN_POINT('',(10.070988269917,37.15,21.2029991563483));
#5208=CARTESIAN_POINT('',(6.4059878312268,37.15,21.4479990419074));
#5209=CARTESIAN_POINT('Origin',(6.07694109723421,37.15,21.5776563748278));
#5210=CARTESIAN_POINT('',(6.07998809444091,41.35,21.2239990647955));
#5211=CARTESIAN_POINT('Origin',(6.07694109723421,41.35,21.5776563748278));
#5212=CARTESIAN_POINT('',(6.07998809444091,37.15,21.2239990647955));
#5213=CARTESIAN_POINT('Origin',(6.07998809444091,37.15,21.2239990647955));
#5214=CARTESIAN_POINT('',(4.7749880276837,41.35,21.2239990647955));
#5215=CARTESIAN_POINT('',(3.98998803684792,41.35,21.2239990647955));
#5216=CARTESIAN_POINT('',(4.7749880276837,37.15,21.2239990647955));
#5217=CARTESIAN_POINT('Origin',(1.94998759815774,37.15,24.2999994218423));
#5218=CARTESIAN_POINT('',(1.92498778870634,41.35,24.2999994218423));
#5219=CARTESIAN_POINT('Origin',(31.4959875069775,37.15,20.6239989217444));
#5220=CARTESIAN_POINT('',(30.9446114923388,41.35,20.8999994218423));
#5221=CARTESIAN_POINT('',(30.9446114923388,37.15,20.8999994218423));
#5222=CARTESIAN_POINT('',(30.6129880868115,41.35,21.0659990724249));
#5223=CARTESIAN_POINT('',(30.6129880868115,37.15,21.0659990724249));
#5224=CARTESIAN_POINT('',(18.9272562220746,41.35,26.9154879022761));
#5225=CARTESIAN_POINT('Origin',(29.9409293008421,37.15,19.7156892218423));
#5226=CARTESIAN_POINT('',(29.941988559834,41.35,21.2239990647955));
#5227=CARTESIAN_POINT('Origin',(29.9409293008421,41.35,19.7156892218423));
#5228=CARTESIAN_POINT('',(29.941988559834,37.15,21.2239990647955));
#5229=CARTESIAN_POINT('Origin',(29.941988559834,37.15,21.2239990647955));
#5230=CARTESIAN_POINT('',(29.2739873849072,41.35,21.2239990647955));
#5231=CARTESIAN_POINT('',(15.9209882695445,41.35,21.2239990647955));
#5232=CARTESIAN_POINT('',(29.2739873849072,37.15,21.2239990647955));
#5233=CARTESIAN_POINT('Origin',(29.2739812705454,37.15,21.574169643189));
#5234=CARTESIAN_POINT('',(28.9239889107861,41.35,21.5629990514441));
#5235=CARTESIAN_POINT('Origin',(29.2739812705454,41.35,21.574169643189));
#5236=CARTESIAN_POINT('',(28.9239889107861,37.15,21.5629990514441));
#5237=CARTESIAN_POINT('Origin',(26.9999881707349,37.15,21.498931925649));
#5238=CARTESIAN_POINT('',(25.0759874306836,41.35,21.5629990514441));
#5239=CARTESIAN_POINT('Origin',(26.9999881707349,41.35,21.498931925649));
#5240=CARTESIAN_POINT('',(25.0759874306836,37.15,21.5629990514441));
#5241=CARTESIAN_POINT('Origin',(24.725995070857,37.15,21.5741696432188));
#5242=CARTESIAN_POINT('',(24.7259870492139,41.35,21.2239990647955));
#5243=CARTESIAN_POINT('Origin',(24.725995070857,41.35,21.5741696432188));
#5244=CARTESIAN_POINT('',(24.7259870492139,37.15,21.2239990647955));
#5245=CARTESIAN_POINT('Origin',(24.7259870492139,37.15,21.2239990647955));
#5246=CARTESIAN_POINT('',(18.94998798,41.35,21.2239990647955));
#5247=CARTESIAN_POINT('',(13.3129875142344,41.35,21.2239990647955));
#5248=CARTESIAN_POINT('',(18.94998798,37.15,21.2239990647955));
#5249=CARTESIAN_POINT('Origin',(18.9499446795946,37.15,21.5739561458012));
#5250=CARTESIAN_POINT('',(18.5999875985303,41.35,21.5739989694281));
#5251=CARTESIAN_POINT('Origin',(18.9499446795946,41.35,21.5739561458012));
#5252=CARTESIAN_POINT('',(18.5999875985303,37.15,21.5739989694281));
#5253=CARTESIAN_POINT('Origin',(17.3997013537902,37.15,21.5994431709714));
#5254=CARTESIAN_POINT('',(17.3999877892651,41.35,22.79999904));
#5255=CARTESIAN_POINT('Origin',(17.3997013537902,41.35,21.5994431709714));
#5256=CARTESIAN_POINT('',(17.3999877892651,37.15,22.79999904));
#5257=CARTESIAN_POINT('Origin',(17.3999877892651,37.15,22.79999904));
#5258=CARTESIAN_POINT('',(14.5999875985303,41.35,22.79899899327));
#5259=CARTESIAN_POINT('',(9.65025674247997,41.35,22.7972311497628));
#5260=CARTESIAN_POINT('',(14.5999875985303,37.15,22.79899899327));
#5261=CARTESIAN_POINT('Origin',(14.598378334547,37.15,21.6006093730483));
#5262=CARTESIAN_POINT('',(13.3999877892651,41.35,21.5999989923163));
#5263=CARTESIAN_POINT('Origin',(14.598378334547,41.35,21.6006093730483));
#5264=CARTESIAN_POINT('',(13.3999877892651,37.15,21.5999989923163));
#5265=CARTESIAN_POINT('Origin',(13.3999877892651,37.15,21.5999989923163));
#5266=CARTESIAN_POINT('',(13.3999877892651,41.35,21.2479989942236));
#5267=CARTESIAN_POINT('',(13.3999877892651,41.35,22.9499990161582));
#5268=CARTESIAN_POINT('',(13.3999877892651,37.15,21.2479989942236));
#5269=CARTESIAN_POINT('Origin',(13.0490627415484,37.15,21.2484737764808));
#5270=CARTESIAN_POINT('',(13.2429882012524,41.35,20.9559989389105));
#5271=CARTESIAN_POINT('Origin',(13.0490627415484,41.35,21.2484737764808));
#5272=CARTESIAN_POINT('',(13.2429882012524,37.15,20.9559989389105));
#5273=CARTESIAN_POINT('Origin',(11.7574317528666,37.15,23.2115622198757));
#5274=CARTESIAN_POINT('',(10.2099882088818,41.35,20.9979989942236));
#5275=CARTESIAN_POINT('Origin',(11.7574317528666,41.35,23.2115622198757));
#5276=CARTESIAN_POINT('',(10.2099882088818,37.15,20.9979989942236));
#5277=CARTESIAN_POINT('Origin',(10.4155117535872,37.15,21.2869782043257));
#5278=CARTESIAN_POINT('Origin',(10.4155117535872,41.35,21.2869782043257));
#5279=CARTESIAN_POINT('Origin',(4.77382879216347,37.15,19.725158740117));
#5280=CARTESIAN_POINT('',(3.7292038969892,41.35,20.7999994218423));
#5281=CARTESIAN_POINT('',(3.7292038969892,37.15,20.7999994218423));
#5282=CARTESIAN_POINT('Origin',(4.77382879216347,41.35,19.725158740117));
#5283=CARTESIAN_POINT('Origin',(1.94998759815774,41.35,20.7999994218423));
#5284=CARTESIAN_POINT('',(1.92498778870633,41.35,20.7999994218423));
#5285=CARTESIAN_POINT('Origin',(1.89998797925493,41.35,24.29999904));
#5286=CARTESIAN_POINT('',(36.9499875981577,41.35,20.8999994218423));
#5287=CARTESIAN_POINT('',(19.4249877887063,41.35,20.8999994218423));
#5288=CARTESIAN_POINT('',(36.9499875981577,41.35,24.2999992309211));
#5289=CARTESIAN_POINT('Origin',(36.9499875981577,37.15,24.2999994218423));
#5290=CARTESIAN_POINT('',(36.9499875981577,37.15,20.8999994218423));
#5291=CARTESIAN_POINT('Origin',(36.9499875981577,37.15,20.8999994218423));
#5292=CARTESIAN_POINT('Origin',(1.94998759815773,37.15,4.29999942184226));
#5293=CARTESIAN_POINT('',(1.94998759815773,41.35,4.29999942184226));
#5294=CARTESIAN_POINT('',(1.94998759815773,37.15,4.29999942184226));
#5295=CARTESIAN_POINT('',(1.94998759815773,37.15,4.29999942184226));
#5296=CARTESIAN_POINT('',(1.94998759815773,41.35,3.79999942184226));
#5297=CARTESIAN_POINT('',(1.94998759815773,41.35,4.29999942184226));
#5298=CARTESIAN_POINT('',(1.94998759815773,37.15,3.79999942184226));
#5299=CARTESIAN_POINT('',(1.94998759815773,37.15,3.79999942184226));
#5300=CARTESIAN_POINT('',(1.94998759815773,37.15,4.29999942184226));
#5301=CARTESIAN_POINT('Origin',(36.9499875981577,37.15,3.79999942184226));
#5302=CARTESIAN_POINT('',(30.0000004470348,41.35,3.79999942184226));
#5303=CARTESIAN_POINT('',(30.0000004470348,37.15,3.79999942184226));
#5304=CARTESIAN_POINT('',(30.0000004470348,39.25,3.79999942184226));
#5305=CARTESIAN_POINT('',(19.4249877887063,37.15,3.79999942184226));
#5306=CARTESIAN_POINT('',(19.4249877887063,41.35,3.79999942184226));
#5307=CARTESIAN_POINT('Origin',(0.449987598157733,37.15,1.29999942184226));
#5308=CARTESIAN_POINT('',(0.449987598157734,41.35,4.29999942184226));
#5309=CARTESIAN_POINT('',(0.449987598157734,37.15,4.29999942184226));
#5310=CARTESIAN_POINT('',(0.449987598157734,37.15,4.29999942184226));
#5311=CARTESIAN_POINT('',(0.449987598157731,37.15,8.00000016391277));
#5312=CARTESIAN_POINT('',(0.449987598157734,37.15,1.29999942184226));
#5313=CARTESIAN_POINT('',(0.449987598157731,41.35,8.00000016391277));
#5314=CARTESIAN_POINT('',(0.449987598157736,39.25,8.00000016391277));
#5315=CARTESIAN_POINT('',(0.449987598157737,41.35,12.7999992309211));
#5316=CARTESIAN_POINT('Origin',(36.9499875981577,37.15,4.29999942184226));
#5317=CARTESIAN_POINT('',(19.4249877887063,37.15,4.29999942184226));
#5318=CARTESIAN_POINT('',(19.4249877887063,41.35,4.29999942184226));
#5319=CARTESIAN_POINT('Origin',(1.89998797925493,41.35,24.29999904));
#5320=CARTESIAN_POINT('',(30.0000004470348,41.35,8.00000016391277));
#5321=CARTESIAN_POINT('',(1.92498778870633,41.35,8.00000016391277));
#5322=CARTESIAN_POINT('',(30.0000004470348,41.35,17.0999992309211));
#5323=CARTESIAN_POINT('',(2.54998931999997,41.35,6.57500019999999));
#5324=CARTESIAN_POINT('Origin',(3.44998751999997,41.35,6.57500019999999));
#5325=CARTESIAN_POINT('Origin',(3.44998751999997,37.15,6.57500019999999));
#5326=CARTESIAN_POINT('',(2.54998931999997,37.15,6.57500019999999));
#5327=CARTESIAN_POINT('',(2.54998931999997,37.15,6.57500019999999));
#5328=CARTESIAN_POINT('Origin',(3.44998751999997,37.15,6.57500019999999));
#5329=CARTESIAN_POINT('Origin',(30.0000004470348,41.35,9.89999942184226));
#5330=CARTESIAN_POINT('',(30.0000004470348,37.15,8.00000016391277));
#5331=CARTESIAN_POINT('',(30.0000004470348,41.35,8.00000016391277));
#5332=CARTESIAN_POINT('',(30.0000004470348,37.15,17.0999992309211));
#5333=CARTESIAN_POINT('Origin',(1.89998797925493,37.15,24.29999904));
#5334=CARTESIAN_POINT('',(1.92498778870633,37.15,8.00000016391277));
#5335=CARTESIAN_POINT('Origin',(1.94998759815773,41.35,8.00000016391277));
#5336=CARTESIAN_POINT('Origin',(51.5,43.5,-2.));
#5337=CARTESIAN_POINT('',(52.,43.5,-3.08816349035423));
#5338=CARTESIAN_POINT('',(51.5,44.,-3.));
#5339=CARTESIAN_POINT('Origin',(51.5,43.5,-3.08816349035423));
#5340=CARTESIAN_POINT('',(51.5,44.,-2.));
#5341=CARTESIAN_POINT('',(51.5,44.,-2.));
#5342=CARTESIAN_POINT('',(52.,43.5,-2.));
#5343=CARTESIAN_POINT('Origin',(51.5,43.5,-2.));
#5344=CARTESIAN_POINT('',(52.,43.5,-2.));
#5345=CARTESIAN_POINT('Origin',(-2.,44.,-2.));
#5346=CARTESIAN_POINT('',(-1.49999999999999,44.,-3.));
#5347=CARTESIAN_POINT('',(40.,44.,-3.));
#5348=CARTESIAN_POINT('',(-1.49999999999999,44.,-2.));
#5349=CARTESIAN_POINT('',(-1.5,44.,-2.));
#5350=CARTESIAN_POINT('',(40.,44.,-2.));
#5351=CARTESIAN_POINT('Origin',(55.,41.0455767409634,-3.52094453300079));
#5352=CARTESIAN_POINT('',(52.,41.,-3.52898094212539));
#5353=CARTESIAN_POINT('',(52.,42.6082934063131,-3.24539542169687));
#5354=CARTESIAN_POINT('',(-2.,41.,-3.52898094212539));
#5355=CARTESIAN_POINT('',(53.5,41.,-3.52898094212539));
#5356=CARTESIAN_POINT('',(-2.,43.5,-3.08816349035423));
#5357=CARTESIAN_POINT('',(-2.,41.1535239407237,-3.50191052919112));
#5358=CARTESIAN_POINT('Origin',(-1.5,43.5,-3.08816349035423));
#5359=CARTESIAN_POINT('Origin',(-1.5,43.5,-2.));
#5360=CARTESIAN_POINT('',(-2.,43.5,-2.));
#5361=CARTESIAN_POINT('',(-2.,43.5,-2.));
#5362=CARTESIAN_POINT('Origin',(-1.5,43.5,-2.));
#5363=CARTESIAN_POINT('Origin',(-2.,41.,-2.));
#5364=CARTESIAN_POINT('',(-2.,41.,-2.));
#5365=CARTESIAN_POINT('',(-2.,41.,-2.));
#5366=CARTESIAN_POINT('',(-2.,41.,-2.));
#5367=CARTESIAN_POINT('Origin',(52.,41.,-2.));
#5368=CARTESIAN_POINT('',(52.,41.,-2.));
#5369=CARTESIAN_POINT('',(40.,41.,-2.));
#5370=CARTESIAN_POINT('',(52.,41.,-2.));
#5371=CARTESIAN_POINT('Origin',(52.,44.,-2.));
#5372=CARTESIAN_POINT('',(52.,41.,-2.));
#5373=CARTESIAN_POINT('Origin',(55.,41.,-2.));
#5374=CARTESIAN_POINT('Origin',(-1.5,-2.5,-2.));
#5375=CARTESIAN_POINT('',(-2.,-2.5,-11.1992046029436));
#5376=CARTESIAN_POINT('',(-1.5,-3.,-11.2873680932979));
#5377=CARTESIAN_POINT('Origin',(-1.5,-2.5,-11.1992046029436));
#5378=CARTESIAN_POINT('',(-1.5,-3.,-2.));
#5379=CARTESIAN_POINT('',(-1.5,-3.,-2.));
#5380=CARTESIAN_POINT('',(-2.,-2.5,-2.));
#5381=CARTESIAN_POINT('Origin',(-1.5,-2.5,-2.));
#5382=CARTESIAN_POINT('',(-2.,-2.5,-2.));
#5383=CARTESIAN_POINT('Origin',(52.,-3.,-2.));
#5384=CARTESIAN_POINT('',(51.5,-3.,-11.2873680932979));
#5385=CARTESIAN_POINT('',(25.,-3.,-11.2873680932979));
#5386=CARTESIAN_POINT('',(51.5,-3.,-2.));
#5387=CARTESIAN_POINT('',(51.5,-3.,-2.5));
#5388=CARTESIAN_POINT('',(40.,-3.,-2.));
#5389=CARTESIAN_POINT('Origin',(-2.,41.0455767409634,-3.52094453300079));
#5390=CARTESIAN_POINT('',(-2.,41.,-3.5289809421254));
#5391=CARTESIAN_POINT('',(-2.,41.1535239407237,-3.50191052919113));
#5392=CARTESIAN_POINT('',(52.,41.,-3.5289809421254));
#5393=CARTESIAN_POINT('',(25.,41.,-3.5289809421254));
#5394=CARTESIAN_POINT('',(52.,-2.5,-11.1992046029436));
#5395=CARTESIAN_POINT('',(52.,41.0680189048923,-3.51698737399465));
#5396=CARTESIAN_POINT('Origin',(51.5,-2.5,-11.1992046029436));
#5397=CARTESIAN_POINT('Origin',(51.5,-2.5,-2.5));
#5398=CARTESIAN_POINT('',(52.,-2.5,-2.));
#5399=CARTESIAN_POINT('Origin',(51.5,-2.5,-2.));
#5400=CARTESIAN_POINT('',(52.,-2.5,-2.5));
#5401=CARTESIAN_POINT('Origin',(52.,41.,-2.));
#5402=CARTESIAN_POINT('',(52.,41.,-2.));
#5403=CARTESIAN_POINT('',(52.,41.,-2.));
#5404=CARTESIAN_POINT('',(-2.,41.,-2.));
#5405=CARTESIAN_POINT('',(40.,41.,-2.));
#5406=CARTESIAN_POINT('',(-2.,41.,-2.));
#5407=CARTESIAN_POINT('Origin',(52.,41.,-3.));
#5408=CARTESIAN_POINT('',(52.,41.,-2.));
#5409=CARTESIAN_POINT('Origin',(-2.,41.,-2.));
#5410=CARTESIAN_POINT('',(-2.,41.,-2.));
#5411=CARTESIAN_POINT('Origin',(52.,41.,-2.));
#5412=UNCERTAINTY_MEASURE_WITH_UNIT(LENGTH_MEASURE(0.01),#5416,
'DISTANCE_ACCURACY_VALUE',
'Maximum model space distance between geometric entities at asserted c
onnectivities');
#5413=UNCERTAINTY_MEASURE_WITH_UNIT(LENGTH_MEASURE(0.01),#5416,
'DISTANCE_ACCURACY_VALUE',
'Maximum model space distance between geometric entities at asserted c
onnectivities');
#5414=(
GEOMETRIC_REPRESENTATION_CONTEXT(3)
GLOBAL_UNCERTAINTY_ASSIGNED_CONTEXT((#5412))
GLOBAL_UNIT_ASSIGNED_CONTEXT((#5416,#5417,#5418))
REPRESENTATION_CONTEXT('','3D')
);
#5415=(
GEOMETRIC_REPRESENTATION_CONTEXT(3)
GLOBAL_UNCERTAINTY_ASSIGNED_CONTEXT((#5413))
GLOBAL_UNIT_ASSIGNED_CONTEXT((#5416,#5417,#5418))
REPRESENTATION_CONTEXT('','3D')
);
#5416=(
LENGTH_UNIT()
NAMED_UNIT(*)
SI_UNIT(.MILLI.,.METRE.)
);
#5417=(
NAMED_UNIT(*)
PLANE_ANGLE_UNIT()
SI_UNIT($,.RADIAN.)
);
#5418=(
NAMED_UNIT(*)
SI_UNIT($,.STERADIAN.)
SOLID_ANGLE_UNIT()
);
#5419=SHAPE_DEFINITION_REPRESENTATION(#5420,#5421);
#5420=PRODUCT_DEFINITION_SHAPE('',$,#5423);
#5421=SHAPE_REPRESENTATION('',(#3256),#5414);
#5422=PRODUCT_DEFINITION_CONTEXT('part definition',#5427,'design');
#5423=PRODUCT_DEFINITION('Untitled','Untitled v14',#5424,#5422);
#5424=PRODUCT_DEFINITION_FORMATION('',$,#5429);
#5425=PRODUCT_RELATED_PRODUCT_CATEGORY('Untitled v14','Untitled v14',(#5429));
#5426=APPLICATION_PROTOCOL_DEFINITION('international standard',
'automotive_design',2009,#5427);
#5427=APPLICATION_CONTEXT(
'Core Data for Automotive Mechanical Design Process');
#5428=PRODUCT_CONTEXT('part definition',#5427,'mechanical');
#5429=PRODUCT('Untitled','Untitled v14',$,(#5428));
#5430=PRESENTATION_STYLE_ASSIGNMENT((#5431));
#5431=SURFACE_STYLE_USAGE(.BOTH.,#5432);
#5432=SURFACE_SIDE_STYLE('',(#5433));
#5433=SURFACE_STYLE_FILL_AREA(#5434);
#5434=FILL_AREA_STYLE('Steel - Satin',(#5435));
#5435=FILL_AREA_STYLE_COLOUR('Steel - Satin',#5436);
#5436=COLOUR_RGB('Steel - Satin',0.627450980392157,0.627450980392157,0.627450980392157);
ENDSEC;
END-ISO-10303-21;
